,ESBL02,ESBL03,ESBL04,ESBL05,ESBL06,ESBL07,ESBL09,ESBL10,ESBL13,ESBL16,ESBL18,ESBL21,ESBL23,ESBL24,ESBL25,ESBL26,ESBL27,ESBL29,ESBL31,ESBL32,ESBL33,ESBL34,ESBL36,ESBL37,ESBL38,ESBL39,ESBL42,ESBL49,ESBL51,ESBL58,ESBL59,ESBL60,ESBL61,ESBL62,ESBL63,ESBL64,ESBL68,ESBL70,ESBL71,SRR933339,SRR933341,SRR933343,SRR933345,SRR933347,SRR933349,SRR933351,SRR933353,SRR933355,SRR933357,SRR933359,SRR933361,SRR933363,SRR933365,SRR933367,SRR933369,SRR933371,SRR933373,SRR933375,SRR933377,SRR933379,SRR933381,SRR933383,SRR933385,SRR933387,SRR933389,SRR933391,SRR933393,SRR933395,SRR933397,SRR933399,SRR933401,SRR933403,SRR933405,SRR933407,SRR933409,SRR933411,SRR933413,SRR933415,SRR933417,SRR933419,SRR933421,SRR933423,SRR933425,SRR933427,SRR933429,SRR933431,SRR933433,SRR933435,SRR933437,SRR933439,SRR933441,SRR933443,SRR933445,SRR933447,SRR933449,SRR933451,SRR933453,SRR933455,SRR933457,SRR933459,SRR933461,SRR933463,SRR933465,SRR933467,SRR933469,SRR933471,SRR933473,SRR933475,SRR933477,SRR933479,SRR933481,SRR933483,SRR933485,SRR933487,SRR933489,SRR933491,SRR933493,SRR933495,SRR933497,SRR933499,SRR933501,SRR933503,SRR933505,SRR933507,SRR933509,SRR933511,SRR933513,SRR933515,SRR933517,SRR933519,SRR933521,SRR933523,SRR933525,SRR933527,SRR933529,SRR933531,SRR933535,SRR933537,SRR933539,SRR933541,SRR933543,SRR933545,SRR933547
ESBL02,0,64,57,203,430,77,79,55,79,81,74,76,71,70,95,73,79,86,62,71,46,72,69,64,66,88,71,75,79,83,73,60,79,74,79,82,79,100,73,436,45,69,81,148,194,160,169,193,118,175,55,209,56,192,85,88,61,65,53,177,145,95,182,61,199,59,53,416,54,67,60,66,191,79,183,79,67,231,75,50,78,419,51,58,68,415,68,181,45,161,37,75,60,426,179,186,46,68,133,179,64,146,167,57,173,212,81,168,173,49,180,186,49,70,69,68,183,153,64,69,64,45,56,74,90,69,72,55,71,39,52,54,416,57,60,85,70,65,146,52,432,65,61
ESBL03,64,0,39,187,414,61,63,37,63,61,58,60,55,52,79,57,59,70,46,55,40,56,53,48,50,72,55,59,63,67,57,42,63,58,63,62,63,84,57,420,33,53,65,132,178,144,153,177,102,159,37,193,38,176,69,72,55,53,41,161,129,79,166,45,183,41,35,400,48,49,42,48,175,65,167,63,51,215,59,38,62,403,45,46,50,399,54,165,39,145,31,59,40,410,163,170,34,48,117,163,48,130,151,39,157,196,65,152,157,31,164,170,31,54,53,52,167,137,48,53,46,37,38,58,74,53,56,37,51,27,36,36,400,45,44,69,54,49,130,36,416,49,45
ESBL04,57,39,0,178,405,52,56,24,56,56,49,53,48,45,72,50,54,63,39,48,33,47,46,39,43,63,46,50,56,60,48,33,56,51,56,57,56,77,50,411,26,46,58,123,169,135,144,168,93,150,28,184,31,167,62,65,48,46,34,152,120,72,157,38,176,32,26,391,41,40,31,39,168,58,158,54,44,206,52,31,55,394,38,39,41,390,47,156,32,138,24,52,35,401,154,161,27,43,108,154,41,121,142,32,148,187,58,143,148,22,155,161,22,47,46,45,158,130,39,46,37,30,29,49,67,46,49,28,46,20,27,27,391,38,37,60,47,42,121,29,407,42,38
ESBL05,203,187,178,0,411,194,198,176,198,204,191,195,190,193,214,192,202,205,181,190,179,189,188,181,185,203,188,192,198,202,190,183,198,193,198,205,198,219,192,417,172,188,172,149,167,85,144,168,119,152,178,134,177,47,184,167,194,192,180,102,166,172,107,180,176,182,176,397,187,190,183,189,168,200,104,196,186,206,194,177,197,400,184,185,191,396,193,58,178,164,170,194,183,407,104,111,173,153,136,154,173,147,168,180,174,187,200,145,148,172,155,161,172,189,188,187,184,130,181,188,187,176,179,191,181,188,191,178,194,166,169,177,397,184,179,202,189,184,69,171,415,184,180
ESBL06,430,414,405,411,0,421,423,403,425,431,418,422,417,420,435,419,429,432,408,417,406,416,415,408,412,426,415,419,425,429,417,410,423,420,421,432,425,446,419,78,399,415,399,378,396,366,373,397,348,387,405,417,404,400,411,394,421,419,407,385,389,399,384,407,411,409,403,36,414,417,410,416,399,427,391,423,411,441,421,404,418,57,411,412,418,35,420,389,405,393,397,421,410,68,385,388,400,374,365,383,400,376,397,407,403,416,427,380,383,399,384,390,399,416,415,414,413,365,408,415,414,403,406,418,408,415,416,405,421,393,396,404,40,411,406,429,416,411,354,398,78,411,407
ESBL07,77,61,52,194,421,0,62,50,62,78,49,59,54,67,76,56,74,69,45,54,53,45,52,39,49,69,46,50,62,66,46,57,62,57,62,79,62,83,56,427,46,50,74,139,185,151,160,184,109,166,52,200,53,183,78,81,68,66,54,168,136,88,173,38,192,56,50,407,59,64,57,63,184,64,174,60,50,222,58,51,61,410,58,59,65,406,67,172,52,154,44,58,57,417,170,177,47,63,124,170,57,137,158,54,164,203,64,159,164,46,171,177,46,53,52,51,174,146,39,52,61,50,53,49,83,52,55,52,68,40,27,51,407,58,43,66,53,48,137,35,423,48,44
ESBL09,79,63,56,198,423,62,0,54,64,80,59,61,56,69,78,58,78,69,47,56,55,57,54,49,51,71,56,60,64,68,58,59,64,59,62,81,64,85,58,431,48,54,76,143,189,155,164,188,113,170,54,204,55,187,80,83,70,68,56,172,138,90,175,46,194,58,52,411,63,66,59,65,186,66,178,64,52,226,60,53,61,414,60,61,67,410,69,176,54,156,46,60,59,421,172,179,49,63,128,174,59,141,162,56,168,207,66,163,168,48,175,181,48,55,54,35,178,148,49,36,63,52,55,59,85,54,47,54,70,42,37,53,411,60,45,70,55,50,141,37,427,50,46
ESBL10,55,37,24,176,403,50,54,0,54,54,47,51,46,43,70,48,52,61,37,46,31,45,44,37,41,61,44,48,54,58,46,31,54,49,54,55,54,75,48,409,24,44,56,121,167,133,142,166,91,148,26,182,29,165,60,63,46,44,32,150,118,70,155,36,174,30,24,389,39,38,29,37,166,56,156,52,42,204,50,29,53,392,36,37,39,388,45,154,30,136,22,50,33,399,152,159,25,41,106,152,39,119,140,30,146,185,56,141,146,20,153,159,20,45,44,43,156,128,37,44,35,28,27,47,65,44,47,26,44,18,25,25,389,36,35,58,45,40,119,27,405,40,36
ESBL13,79,63,56,198,425,62,64,54,0,80,59,61,56,69,80,10,78,71,47,56,55,57,54,49,51,73,56,60,64,52,58,59,64,11,64,81,64,85,58,431,48,54,76,143,189,155,164,188,113,170,54,204,55,187,80,83,70,68,56,172,140,90,177,46,194,58,52,411,63,66,59,65,186,66,178,64,52,226,60,53,63,414,58,61,67,410,69,176,54,156,46,60,59,421,174,181,49,65,128,174,59,141,162,56,168,207,66,163,168,48,175,181,48,55,54,53,178,148,49,54,63,52,55,59,85,50,57,54,70,42,37,53,411,60,45,70,51,46,141,29,427,46,46
ESBL16,81,61,56,204,431,78,80,54,80,0,75,77,72,69,96,74,16,87,63,72,57,73,70,65,67,89,72,76,80,84,74,59,80,75,80,63,80,101,74,437,50,70,82,149,195,161,170,194,119,176,54,210,55,193,86,89,72,70,58,178,146,96,183,62,200,58,52,417,65,66,59,65,192,82,184,80,68,232,76,55,79,420,62,63,67,416,71,182,56,162,48,76,41,427,180,187,51,65,134,180,65,147,168,56,174,213,82,169,174,48,181,187,48,71,70,69,184,154,63,70,63,54,55,75,91,70,73,54,46,44,53,53,417,62,61,86,71,66,147,53,433,66,62
ESBL18,74,58,49,191,418,49,59,47,59,75,0,56,51,64,73,53,71,66,42,51,50,44,49,34,46,66,43,47,59,63,45,54,59,54,59,76,59,80,53,424,43,47,71,136,182,148,157,181,106,163,49,197,50,180,75,78,65,63,51,165,133,85,170,35,189,53,47,404,56,61,54,60,181,61,171,57,47,219,55,48,58,407,55,56,62,403,64,169,49,151,41,55,54,414,167,174,44,60,121,167,54,134,155,51,161,200,61,156,161,43,168,174,43,50,49,48,171,143,36,49,58,47,50,46,80,49,52,49,65,37,24,48,404,55,40,63,50,45,134,32,420,45,41
ESBL21,76,60,53,195,422,59,61,51,61,77,56,0,53,66,77,55,75,68,44,53,52,54,51,46,48,70,53,57,61,65,55,56,61,56,31,78,61,52,55,428,45,51,73,140,186,152,161,185,110,167,51,201,52,184,77,80,67,65,53,169,137,87,174,43,191,55,49,408,60,63,56,62,183,63,175,61,49,223,57,50,30,411,57,58,64,407,66,173,51,153,43,27,56,418,171,178,46,62,125,171,56,138,159,53,165,204,31,160,165,45,172,178,45,14,13,50,175,145,46,51,60,49,52,56,82,51,54,51,67,39,34,50,408,57,42,67,52,47,138,34,424,47,43
ESBL23,71,55,48,190,417,54,56,46,56,72,51,53,0,61,72,50,70,63,39,48,47,49,46,41,43,65,48,52,56,60,50,51,56,51,56,73,56,77,50,423,40,46,68,135,181,147,156,180,105,162,46,196,47,179,72,75,62,60,48,164,132,82,169,38,186,50,44,403,55,58,51,57,178,58,170,56,44,218,52,45,55,406,52,53,59,402,61,168,46,148,38,52,51,413,166,173,41,57,120,166,51,133,154,48,160,199,58,155,160,40,167,173,40,47,46,45,170,140,41,46,55,44,47,51,77,46,49,46,62,34,29,45,403,52,37,62,47,42,133,29,419,42,38
ESBL24,70,52,45,193,420,67,69,43,69,69,64,66,61,0,85,63,67,76,52,61,46,62,59,54,56,78,61,65,69,73,63,48,69,64,69,70,69,90,63,426,39,59,71,138,184,150,159,183,108,165,43,199,34,182,75,78,61,59,47,167,135,85,172,51,189,47,41,406,54,55,48,54,181,71,173,69,57,221,65,44,68,409,51,52,56,405,60,171,45,151,37,65,48,416,169,176,40,56,123,169,54,136,157,43,163,202,71,158,163,37,170,176,37,60,59,58,173,143,54,59,52,43,44,64,80,59,62,43,59,33,42,42,406,51,50,75,60,55,136,42,422,55,51
ESBL25,95,79,72,214,435,76,78,70,80,96,73,77,72,85,0,74,92,87,63,72,71,71,70,63,67,83,70,74,80,84,72,75,80,75,76,97,80,101,74,447,64,70,92,159,205,169,180,204,129,186,70,220,71,203,96,99,86,84,72,188,148,106,187,60,210,74,68,427,79,82,75,81,202,82,194,80,68,242,76,69,73,430,76,77,83,426,85,192,70,172,62,76,75,437,188,191,65,75,144,190,75,157,178,72,184,223,82,179,184,64,191,197,64,71,70,69,194,164,63,70,79,68,71,73,101,70,71,70,86,58,51,69,427,76,61,86,71,66,157,53,443,66,62
ESBL26,73,57,50,192,419,56,58,48,10,74,53,55,50,63,74,0,72,65,41,50,49,51,48,43,45,67,50,54,58,46,52,53,58,5,58,75,58,79,52,425,42,48,70,137,183,149,158,182,107,164,48,198,49,181,74,77,64,62,50,166,134,84,171,40,188,52,46,405,57,60,53,59,180,60,172,58,46,220,54,47,57,408,54,55,61,404,63,170,48,150,40,54,53,415,168,175,43,59,122,168,53,135,156,50,162,201,60,157,162,42,169,175,42,49,48,47,172,142,43,48,57,46,49,53,79,44,51,48,64,36,31,47,405,54,39,64,45,40,135,23,421,40,40
ESBL27,79,59,54,202,429,74,78,52,78,16,71,75,70,67,92,72,0,85,61,70,55,69,68,61,65,87,68,72,78,82,70,57,78,73,78,61,78,99,72,435,48,68,80,147,193,159,168,192,117,174,52,208,53,191,84,87,70,68,56,176,144,94,181,58,198,56,50,415,63,64,57,63,190,80,182,78,66,230,74,53,77,418,60,61,65,414,69,180,54,160,46,74,39,425,178,185,49,63,132,178,63,145,166,54,172,211,80,167,172,46,179,185,46,69,68,67,182,152,59,68,61,52,53,71,89,68,71,52,44,42,49,51,415,60,59,84,69,64,145,51,431,64,60
ESBL29,86,70,63,205,432,69,69,61,71,87,66,68,63,76,87,65,85,0,52,63,62,64,61,56,58,80,63,67,71,75,65,66,71,66,69,88,71,90,65,438,55,61,83,150,196,162,171,195,120,177,61,211,62,194,87,90,77,75,63,179,147,97,184,53,201,65,59,418,70,73,66,72,193,73,185,71,57,233,67,60,70,421,67,68,74,417,76,183,61,163,53,65,66,428,181,188,56,72,135,181,66,148,169,63,175,214,71,170,175,55,182,188,55,62,61,58,185,155,56,59,70,59,62,66,92,61,62,61,77,49,44,60,418,67,52,75,62,57,148,44,434,57,53
ESBL31,62,46,39,181,408,45,47,37,47,63,42,44,39,52,63,41,61,52,0,39,38,40,37,32,34,56,39,43,47,51,41,42,47,42,41,64,47,64,41,414,31,37,59,126,172,138,147,169,96,153,37,187,38,170,63,66,53,51,39,155,123,73,160,29,177,41,35,394,46,49,42,48,169,49,161,47,29,209,43,36,46,397,43,44,50,393,52,159,37,139,29,39,42,404,157,164,32,48,111,157,42,124,145,39,151,190,45,146,151,31,158,164,31,38,35,36,161,131,32,37,46,35,38,42,68,37,40,37,53,25,20,36,394,43,28,49,38,33,124,20,410,33,29
ESBL32,71,55,48,190,417,54,56,46,56,72,51,53,48,61,72,50,70,63,39,0,47,49,18,41,15,65,48,52,28,60,50,51,56,51,56,73,28,77,22,423,40,46,68,135,181,147,156,180,105,162,46,196,47,179,72,75,62,60,48,164,132,82,169,38,186,50,44,403,55,58,51,57,178,58,170,56,44,218,50,45,55,406,52,53,59,402,61,168,46,148,38,52,51,413,166,173,41,57,120,166,51,133,154,48,160,199,58,155,160,40,167,173,40,47,46,45,170,140,41,46,55,44,47,51,77,46,49,46,62,34,29,45,403,52,37,62,47,42,133,29,419,42,38
ESBL33,46,40,33,179,406,53,55,31,55,57,50,52,47,46,71,49,55,62,38,47,0,48,45,40,42,64,47,51,55,59,49,36,55,50,55,58,55,76,49,412,21,45,57,124,170,136,145,169,94,151,31,185,32,168,61,64,37,41,29,153,121,71,158,37,175,35,29,392,30,43,36,42,167,57,159,55,43,207,51,26,54,395,27,34,44,391,44,157,21,137,13,51,36,402,155,162,22,44,109,155,40,122,143,33,149,188,57,144,149,25,156,162,25,46,45,44,159,129,40,45,40,21,32,50,66,45,48,31,47,15,28,30,392,33,36,61,46,41,122,28,408,41,37
ESBL34,72,56,47,189,416,45,57,45,57,73,44,54,49,62,71,51,69,64,40,49,48,0,47,34,44,64,41,45,57,61,1,52,57,52,57,74,57,78,51,422,41,45,69,134,180,146,155,179,104,161,47,195,48,178,73,76,63,61,49,163,131,83,168,33,187,51,45,402,54,59,52,58,179,59,169,55,45,217,53,46,56,405,53,54,60,401,62,167,47,149,39,53,52,412,165,172,42,58,119,165,52,132,153,49,159,198,59,154,159,41,166,172,41,48,47,46,169,141,34,47,56,45,48,44,78,47,50,47,63,35,22,46,402,53,38,61,48,43,132,30,418,43,39
ESBL36,69,53,46,188,415,52,54,44,54,70,49,51,46,59,70,48,68,61,37,18,45,47,0,39,13,63,46,50,26,58,48,49,54,49,54,71,26,75,12,421,38,44,66,133,179,145,154,178,103,160,44,194,45,177,70,73,60,58,46,162,130,80,167,36,184,48,42,401,53,56,49,55,176,56,168,54,42,216,48,43,53,404,50,51,57,400,59,166,44,146,36,50,49,411,164,171,39,55,118,164,49,131,152,46,158,197,56,153,158,38,165,171,38,45,44,43,168,138,39,44,53,42,45,49,75,44,47,44,60,32,27,43,401,50,35,60,45,40,131,27,417,40,36
ESBL37,64,48,39,181,408,39,49,37,49,65,34,46,41,54,63,43,61,56,32,41,40,34,39,0,36,56,33,37,49,53,35,44,49,44,49,66,49,70,43,414,33,37,61,126,172,138,147,171,96,153,39,187,40,170,65,68,55,53,41,155,123,75,160,25,179,43,37,394,46,51,44,50,171,51,161,47,37,209,45,38,48,397,45,46,52,393,54,159,39,141,31,45,44,404,157,164,34,50,111,157,44,124,145,41,151,190,51,146,151,33,158,164,33,40,39,38,161,133,26,39,48,37,40,36,70,39,42,39,55,27,14,38,394,45,30,53,40,35,124,22,410,35,31
ESBL38,66,50,43,185,412,49,51,41,51,67,46,48,43,56,67,45,65,58,34,15,42,44,13,36,0,60,43,47,23,55,45,46,51,46,51,68,23,72,17,418,35,41,63,130,176,142,151,175,100,157,41,191,42,174,67,70,57,55,43,159,127,77,164,33,181,45,39,398,50,53,46,52,173,53,165,51,39,213,45,40,50,401,47,48,54,397,56,163,41,143,33,47,46,408,161,168,36,52,115,161,46,128,149,43,155,194,53,150,155,35,162,168,35,42,41,40,165,135,36,41,50,39,42,46,72,41,44,41,57,29,24,40,398,47,32,57,42,37,128,24,414,37,33
ESBL39,88,72,63,203,426,69,71,61,73,89,66,70,65,78,83,67,87,80,56,65,64,64,63,56,60,0,63,67,73,77,65,68,73,68,69,90,73,94,67,438,57,63,85,150,196,160,171,195,120,177,63,211,64,192,89,92,79,77,65,179,141,99,178,55,203,67,61,418,72,75,68,74,195,75,185,71,61,233,69,62,66,421,69,70,76,417,78,181,63,165,55,69,68,428,179,182,58,68,135,181,68,148,169,65,175,214,75,170,175,57,182,188,57,64,63,62,185,157,56,63,72,61,64,66,94,63,64,63,79,51,44,62,418,69,54,77,64,59,148,46,434,59,55
ESBL42,71,55,46,188,415,46,56,44,56,72,43,53,48,61,70,50,68,63,39,48,47,41,46,33,43,63,0,4,56,60,42,51,56,51,56,73,56,77,50,421,40,44,68,133,179,145,154,178,103,160,46,194,47,177,70,75,62,60,48,162,130,82,167,32,186,50,44,401,53,58,51,57,178,58,168,54,44,216,52,45,55,404,52,53,59,400,61,166,46,148,38,52,51,411,162,171,41,57,118,164,51,131,152,48,158,197,58,153,158,40,165,171,40,47,46,45,168,140,33,46,55,44,47,43,77,46,49,46,62,34,21,45,401,52,37,60,47,42,131,29,417,42,38
ESBL49,75,59,50,192,419,50,60,48,60,76,47,57,52,65,74,54,72,67,43,52,51,45,50,37,47,67,4,0,60,64,46,55,60,55,60,77,60,81,54,425,44,48,72,137,183,149,158,182,107,164,50,198,51,181,74,79,66,64,52,166,134,86,171,36,190,54,48,405,57,62,55,61,182,62,172,58,48,220,56,49,59,408,56,57,63,404,65,170,50,152,42,56,55,415,166,175,45,61,122,168,55,135,156,52,162,201,62,157,162,44,169,175,44,51,50,49,172,144,37,50,59,48,51,47,81,50,53,50,66,38,25,49,405,56,41,64,51,46,135,33,421,46,42
ESBL51,79,63,56,198,425,62,64,54,64,80,59,61,56,69,80,58,78,71,47,28,55,57,26,49,23,73,56,60,0,68,58,59,64,59,64,81,36,85,30,431,48,54,76,143,189,155,164,188,113,170,54,204,55,187,80,83,70,68,56,172,140,90,177,46,194,58,52,411,63,66,59,65,186,66,178,64,52,226,58,53,63,414,60,61,67,410,69,176,54,156,46,60,59,421,174,181,49,65,128,174,59,141,162,56,168,207,66,163,168,48,175,181,48,55,54,53,178,148,49,54,63,52,55,59,85,54,57,54,70,42,37,53,411,60,45,70,55,50,141,37,427,50,46
ESBL58,83,67,60,202,429,66,68,58,52,84,63,65,60,73,84,46,82,75,51,60,59,61,58,53,55,77,60,64,68,0,62,63,68,47,68,85,68,89,62,435,52,58,80,147,193,159,166,192,117,174,58,208,59,191,84,87,74,72,60,176,144,94,181,50,198,62,56,415,67,70,63,69,190,70,182,68,56,230,64,57,67,418,64,65,71,414,73,180,58,160,50,64,63,425,178,185,53,69,132,178,63,145,166,60,172,211,70,167,172,52,179,185,52,59,58,57,182,152,53,58,67,56,59,63,89,52,61,58,74,46,41,57,415,64,49,74,55,50,145,33,431,50,50
ESBL59,73,57,48,190,417,46,58,46,58,74,45,55,50,63,72,52,70,65,41,50,49,1,48,35,45,65,42,46,58,62,0,53,58,53,58,75,58,79,52,423,42,46,70,135,181,147,156,180,105,162,48,196,49,179,74,77,64,62,50,164,132,84,169,34,188,52,46,403,55,60,53,59,180,60,170,56,46,218,54,47,57,406,54,55,61,402,63,168,48,150,40,54,53,413,166,173,43,59,120,166,53,133,154,50,160,199,60,155,160,42,167,173,42,49,48,47,170,142,35,48,57,46,49,45,79,48,51,48,64,36,23,47,403,54,39,62,49,44,133,31,419,44,40
ESBL60,60,42,33,183,410,57,59,31,59,59,54,56,51,48,75,53,57,66,42,51,36,52,49,44,46,68,51,55,59,63,53,0,59,54,59,60,59,80,53,416,29,49,61,128,174,140,149,173,98,155,31,189,34,172,65,68,51,49,37,157,125,75,162,41,179,35,29,396,44,43,36,42,171,61,163,59,47,211,55,34,58,399,41,42,44,395,50,161,35,141,27,55,38,406,159,166,30,46,113,159,44,126,147,35,153,192,61,148,153,25,160,166,25,50,49,48,163,133,44,49,40,33,32,54,70,49,52,31,49,23,32,30,396,41,40,65,50,45,126,32,412,45,41
ESBL61,79,63,56,198,423,62,64,54,64,80,59,61,56,69,80,58,78,71,47,56,55,57,54,49,51,73,56,60,64,68,58,59,0,59,64,81,64,85,58,429,48,54,76,143,189,155,164,188,113,170,54,204,55,187,80,83,70,68,56,172,140,90,177,46,194,58,52,409,63,66,59,65,186,66,178,64,52,226,60,53,63,412,60,61,67,408,69,176,54,156,46,60,59,419,174,181,49,65,128,174,59,141,162,56,168,207,66,163,168,48,175,181,48,55,54,53,178,148,49,54,63,52,55,59,85,54,57,54,70,42,37,53,409,60,45,70,55,50,141,37,425,50,46
ESBL62,74,58,51,193,420,57,59,49,11,75,54,56,51,64,75,5,73,66,42,51,50,52,49,44,46,68,51,55,59,47,53,54,59,0,59,76,59,80,53,426,43,49,71,138,184,150,159,183,108,165,49,199,50,182,75,78,65,63,51,167,135,85,172,41,189,53,47,406,58,61,54,60,181,61,173,59,47,221,55,48,58,409,55,56,62,405,64,171,49,151,41,55,54,416,169,176,44,60,123,169,54,136,157,51,163,202,61,158,163,43,170,176,43,50,49,48,173,143,44,49,58,47,50,54,80,45,52,49,65,37,32,48,406,55,40,65,46,41,136,24,422,41,41
ESBL63,79,63,56,198,421,62,62,54,64,80,59,31,56,69,76,58,78,69,41,56,55,57,54,49,51,69,56,60,64,68,58,59,64,59,0,81,64,43,58,431,48,54,76,143,189,155,164,188,113,170,54,204,55,187,80,83,70,68,56,172,136,90,173,46,194,58,52,411,63,66,59,65,186,66,178,64,46,226,60,53,19,414,60,61,67,410,69,176,54,156,46,18,59,421,172,177,49,61,128,174,59,141,162,56,168,207,32,163,168,48,175,181,48,25,22,53,178,148,49,54,63,52,55,59,85,54,57,54,70,42,37,53,411,60,45,66,55,50,141,37,427,50,46
ESBL64,82,62,57,205,432,79,81,55,81,63,76,78,73,70,97,75,61,88,64,73,58,74,71,66,68,90,73,77,81,85,75,60,81,76,81,0,81,102,75,438,51,71,83,150,196,162,171,195,120,177,55,211,56,194,87,90,73,71,59,179,147,97,184,63,201,59,53,418,66,67,60,66,193,83,185,81,69,233,77,56,80,421,63,64,68,417,72,183,57,163,49,77,32,428,181,188,52,66,135,181,66,148,169,57,175,214,83,170,175,49,182,188,49,72,71,70,185,155,66,71,64,55,56,76,92,71,74,55,53,45,54,54,418,63,62,87,72,67,148,54,434,67,63
ESBL68,79,63,56,198,425,62,64,54,64,80,59,61,56,69,80,58,78,71,47,28,55,57,26,49,23,73,56,60,36,68,58,59,64,59,64,81,0,85,30,431,48,54,76,143,189,155,164,188,113,170,54,204,55,187,80,83,70,68,56,172,140,90,177,46,194,58,52,411,63,66,59,65,186,66,178,64,52,226,58,53,63,414,60,61,67,410,69,176,54,156,46,60,59,421,174,181,49,65,128,174,59,141,162,56,168,207,66,163,168,48,175,181,48,55,54,53,178,148,49,54,63,52,55,59,85,54,57,54,70,42,37,53,411,60,45,70,55,50,141,37,427,50,46
ESBL70,100,84,77,219,446,83,85,75,85,101,80,52,77,90,101,79,99,90,64,77,76,78,75,70,72,94,77,81,85,89,79,80,85,80,43,102,85,0,79,452,69,75,97,164,210,176,185,209,134,191,75,225,76,208,101,104,91,89,77,193,159,111,198,67,215,79,73,432,84,85,80,86,207,87,199,85,69,247,81,74,46,435,81,82,88,431,90,197,75,177,67,39,80,442,195,202,70,86,149,195,80,162,183,77,189,228,53,184,189,69,196,202,69,46,43,74,199,169,70,75,84,73,76,80,104,75,78,75,91,63,58,74,432,81,66,87,76,71,162,58,448,71,67
ESBL71,73,57,50,192,419,56,58,48,58,74,53,55,50,63,74,52,72,65,41,22,49,51,12,43,17,67,50,54,30,62,52,53,58,53,58,75,30,79,0,425,42,48,70,137,183,149,158,182,107,164,48,198,49,181,74,77,64,62,50,166,134,84,171,40,188,52,46,405,57,60,53,59,180,60,172,58,46,220,52,47,57,408,54,55,61,404,63,170,48,150,40,54,53,415,168,175,43,59,122,168,53,135,156,50,162,201,60,157,162,42,169,175,42,49,48,47,172,142,43,48,57,46,49,53,79,48,51,48,64,36,31,47,405,54,39,64,49,44,135,31,421,44,40
SRR933339,436,420,411,417,78,427,431,409,431,437,424,428,423,426,447,425,435,438,414,423,412,422,421,414,418,438,421,425,431,435,423,416,429,426,431,438,431,452,425,0,405,417,405,384,402,374,379,403,354,393,411,423,410,406,417,400,427,425,413,391,401,403,390,413,415,413,409,64,420,423,416,422,405,433,397,429,419,447,427,410,430,67,415,418,422,63,426,395,411,397,403,427,416,66,387,400,406,386,371,389,406,382,403,413,409,422,433,386,389,405,390,396,405,422,421,420,419,371,414,421,420,409,412,424,414,421,424,411,427,399,402,410,64,417,412,435,422,417,360,404,20,417,413
SRR933341,45,33,26,172,399,46,48,24,48,50,43,45,40,39,64,42,48,55,31,40,21,41,38,33,35,57,40,44,48,52,42,29,48,43,48,51,48,69,42,405,0,38,50,117,163,129,138,162,87,144,24,178,25,161,54,57,36,32,20,146,114,64,151,30,168,28,22,385,29,36,29,35,160,50,152,48,36,200,44,17,47,388,26,25,37,384,37,150,20,130,12,44,29,395,148,155,13,37,102,148,33,115,136,26,142,181,50,137,142,18,149,155,18,39,38,37,152,122,33,38,33,20,25,43,59,38,41,24,40,6,21,23,385,24,29,54,39,34,115,21,401,34,30
SRR933343,69,53,46,188,415,50,54,44,54,70,47,51,46,59,70,48,68,61,37,46,45,45,44,37,41,63,44,48,54,58,46,49,54,49,54,71,54,75,48,417,38,0,66,133,179,145,154,178,103,160,44,194,45,177,70,73,60,58,46,162,130,80,167,34,184,48,42,401,51,56,49,55,176,56,168,54,42,216,50,43,53,404,50,51,57,400,59,166,44,146,36,50,49,411,164,171,39,55,118,164,49,131,152,46,158,197,56,153,158,38,165,171,38,45,44,43,168,138,37,44,53,42,45,47,75,44,47,44,60,32,25,43,401,50,35,60,45,40,131,27,417,40,36
SRR933345,81,65,58,172,399,74,76,56,76,82,71,73,68,71,92,70,80,83,59,68,57,69,66,61,63,85,68,72,76,80,70,61,76,71,76,83,76,97,70,405,50,66,0,117,163,129,138,162,87,144,56,178,55,161,62,57,72,70,58,146,114,64,151,58,168,60,54,385,65,68,61,67,160,78,152,76,64,200,72,55,75,388,62,63,69,384,71,150,56,130,48,72,61,395,148,155,51,63,102,148,51,115,136,58,142,181,78,137,142,50,149,155,50,67,66,65,152,122,61,66,65,54,57,71,47,66,69,56,72,44,49,55,385,62,57,82,67,62,115,49,401,62,58
SRR933347,148,132,123,149,378,139,143,121,143,149,136,140,135,138,159,137,147,150,126,135,124,134,133,126,130,150,133,137,143,147,135,128,143,138,143,150,143,164,137,384,117,133,117,0,138,106,117,141,54,125,123,155,122,138,129,112,139,137,125,123,111,115,128,125,149,127,121,364,132,135,128,134,141,145,129,141,131,179,139,122,142,367,129,130,136,363,138,127,123,99,115,139,128,374,125,132,118,98,71,127,118,82,63,125,109,160,145,116,121,117,128,134,117,134,133,132,81,103,126,133,132,121,124,136,126,133,136,123,139,111,114,122,364,129,124,147,134,129,92,116,382,129,125
SRR933349,194,178,169,167,396,185,189,167,189,195,182,186,181,184,205,183,193,196,172,181,170,180,179,172,176,196,179,183,189,193,181,174,189,184,189,196,189,210,183,402,163,179,163,138,0,124,61,133,110,137,169,173,168,156,175,158,185,183,171,141,151,163,146,171,167,173,167,382,178,181,174,180,103,191,147,187,177,193,185,168,188,385,175,176,182,381,184,145,169,155,161,185,174,392,143,150,164,144,123,75,164,138,159,171,165,146,191,136,139,163,76,122,163,180,179,178,175,121,172,179,178,167,170,182,172,179,182,169,185,157,160,168,382,175,170,193,180,175,110,162,400,175,171
SRR933351,160,144,135,85,366,151,155,133,155,161,148,152,147,150,169,149,159,162,138,147,136,146,145,138,142,160,145,149,155,159,147,140,155,150,155,162,155,176,149,374,129,145,129,106,124,0,101,125,76,109,135,81,134,74,141,124,151,149,137,49,121,129,52,137,133,139,133,354,144,147,140,146,125,157,65,153,143,163,151,134,152,357,141,142,148,351,150,63,135,121,127,151,140,364,51,56,130,108,93,111,130,104,125,137,131,144,157,102,105,129,112,118,129,146,145,144,141,87,138,145,144,133,136,148,138,145,146,135,151,123,126,134,354,141,136,159,146,141,28,128,372,141,137
SRR933353,169,153,144,144,373,160,164,142,164,170,157,161,156,159,180,158,168,171,147,156,145,155,154,147,151,171,154,158,164,166,156,149,164,159,164,171,164,185,158,379,138,154,138,117,61,101,0,108,87,118,144,150,143,133,150,133,160,158,146,118,132,138,123,146,142,148,142,359,153,156,149,155,78,166,124,162,152,168,160,143,163,362,150,151,157,358,159,122,144,132,136,160,149,369,120,127,139,119,98,22,139,115,136,146,142,123,166,111,114,138,23,97,138,155,154,153,152,96,147,154,153,142,145,157,147,154,157,144,160,132,135,143,359,150,145,168,155,150,87,137,377,150,146
SRR933355,193,177,168,168,397,184,188,166,188,194,181,185,180,183,204,182,192,195,169,180,169,179,178,171,175,195,178,182,188,192,180,173,188,183,188,195,188,209,182,403,162,178,162,141,133,125,108,0,109,142,168,174,167,157,174,157,184,182,170,142,156,162,147,170,166,172,166,383,177,180,173,179,134,190,148,186,176,196,184,167,187,386,174,175,181,382,183,146,168,156,160,184,173,393,144,151,163,143,126,118,163,139,160,170,166,75,190,135,138,162,119,47,162,179,178,177,176,120,171,178,177,166,169,181,171,178,181,168,184,156,159,167,383,174,169,192,179,174,111,161,401,174,170
SRR933357,118,102,93,119,348,109,113,91,113,119,106,110,105,108,129,107,117,120,96,105,94,104,103,96,100,120,103,107,113,117,105,98,113,108,113,120,113,134,107,354,87,103,87,54,110,76,87,109,0,95,93,125,92,108,99,82,109,107,95,93,81,87,98,95,119,97,91,334,102,105,98,104,111,115,99,111,101,149,109,92,112,337,99,100,106,333,108,97,93,69,85,109,98,344,95,102,88,68,41,97,88,52,73,95,79,128,115,86,91,87,98,100,87,104,103,102,89,73,96,103,102,91,94,106,96,103,106,93,109,81,84,92,334,99,94,117,104,99,62,86,352,99,95
SRR933359,175,159,150,152,387,166,170,148,170,176,163,167,162,165,186,164,174,177,153,162,151,161,160,153,157,177,160,164,170,174,162,155,170,165,170,177,170,191,164,393,144,160,144,125,137,109,118,142,95,0,150,158,149,141,156,139,166,164,152,126,134,144,131,152,150,154,148,373,159,162,155,161,142,172,132,168,158,178,166,149,169,376,156,157,163,372,165,130,150,140,142,166,155,383,128,135,145,127,110,128,145,123,144,152,150,161,172,117,122,144,129,135,144,161,160,159,160,104,153,160,159,148,151,163,153,160,163,150,166,138,141,149,373,156,151,174,161,156,95,143,391,156,152
SRR933361,55,37,28,178,405,52,54,26,54,54,49,51,46,43,70,48,52,61,37,46,31,47,44,39,41,63,46,50,54,58,48,31,54,49,54,55,54,75,48,411,24,44,56,123,169,135,144,168,93,150,0,184,29,167,60,61,46,44,32,152,120,70,157,36,174,30,24,391,39,38,31,37,166,56,158,54,42,206,50,29,53,394,36,37,39,390,45,156,30,136,22,50,33,401,154,161,25,41,108,154,39,121,142,30,148,187,56,143,148,20,155,161,20,45,44,43,158,128,39,44,35,28,27,49,65,44,47,26,44,18,27,25,391,36,35,60,45,40,121,27,407,40,36
SRR933363,209,193,184,134,417,200,204,182,204,210,197,201,196,199,220,198,208,211,187,196,185,195,194,187,191,211,194,198,204,208,196,189,204,199,204,211,204,225,198,423,178,194,178,155,173,81,150,174,125,158,184,0,183,123,190,173,200,198,186,92,172,178,89,186,182,188,182,403,193,196,189,195,174,206,114,202,192,212,200,183,203,406,190,191,197,400,199,112,184,170,176,200,189,413,86,95,179,159,142,160,179,153,174,186,180,193,206,151,154,178,161,167,178,195,194,193,190,136,187,194,193,182,185,197,187,194,197,184,200,172,175,183,403,190,185,208,195,190,77,177,421,190,186
SRR933365,56,38,31,177,404,53,55,29,55,55,50,52,47,34,71,49,53,62,38,47,32,48,45,40,42,64,47,51,55,59,49,34,55,50,55,56,55,76,49,410,25,45,55,122,168,134,143,167,92,149,29,183,0,166,61,62,47,45,33,151,119,69,156,37,173,33,27,390,40,41,34,40,165,57,157,55,43,205,51,30,54,393,37,38,42,389,46,155,31,135,23,51,34,400,153,160,26,42,107,153,40,120,141,29,147,186,57,142,147,23,154,160,23,46,45,44,157,127,40,45,38,29,30,50,64,45,48,29,45,19,28,28,390,37,36,61,46,41,120,28,406,41,37
SRR933367,192,176,167,47,400,183,187,165,187,193,180,184,179,182,203,181,191,194,170,179,168,178,177,170,174,192,177,181,187,191,179,172,187,182,187,194,187,208,181,406,161,177,161,138,156,74,133,157,108,141,167,123,166,0,173,156,183,181,169,91,155,161,96,169,165,171,165,386,176,179,172,178,157,189,93,185,175,195,183,166,186,389,173,174,180,385,182,47,167,153,159,183,172,396,93,100,162,142,125,143,162,136,157,169,163,176,189,134,137,161,144,150,161,178,177,176,173,119,170,177,176,165,168,180,170,177,180,167,183,155,158,166,386,173,168,191,178,173,58,160,404,173,169
SRR933369,85,69,62,184,411,78,80,60,80,86,75,77,72,75,96,74,84,87,63,72,61,73,70,65,67,89,70,74,80,84,74,65,80,75,80,87,80,101,74,417,54,70,62,129,175,141,150,174,99,156,60,190,61,173,0,69,76,74,62,158,126,76,163,62,180,64,58,397,69,72,65,71,172,82,164,80,68,212,76,59,79,400,66,67,73,396,75,162,60,142,52,76,65,407,160,167,55,69,114,160,55,127,148,62,154,193,82,149,154,54,161,167,54,71,70,69,164,134,65,70,69,58,61,75,71,70,73,60,76,48,53,59,397,66,61,86,71,66,127,53,413,66,62
SRR933371,88,72,65,167,394,81,83,63,83,89,78,80,75,78,99,77,87,90,66,75,64,76,73,68,70,92,75,79,83,87,77,68,83,78,83,90,83,104,77,400,57,73,57,112,158,124,133,157,82,139,61,173,62,156,69,0,79,77,65,141,105,55,146,65,163,67,61,380,72,75,68,74,155,85,147,83,71,195,79,62,82,383,69,70,76,379,78,145,63,125,55,79,68,390,143,150,58,66,97,143,58,110,131,65,137,176,85,132,137,57,144,150,57,74,73,72,147,117,68,73,72,61,64,78,66,73,76,63,79,51,56,62,380,69,64,89,74,69,108,56,396,69,65
SRR933373,61,55,48,194,421,68,70,46,70,72,65,67,62,61,86,64,70,77,53,62,37,63,60,55,57,79,62,66,70,74,64,51,70,65,70,73,70,91,64,427,36,60,72,139,185,151,160,184,109,166,46,200,47,183,76,79,0,56,44,168,136,86,173,52,190,50,44,407,45,58,51,57,182,72,174,70,58,222,66,41,69,410,42,49,59,406,59,172,36,152,28,66,51,417,170,177,37,59,124,170,55,137,158,48,164,203,72,159,164,40,171,177,40,61,60,59,174,144,55,60,55,36,47,65,81,60,63,46,62,30,43,45,407,48,51,76,61,56,137,43,423,56,52
SRR933375,65,53,46,192,419,66,68,44,68,70,63,65,60,59,84,62,68,75,51,60,41,61,58,53,55,77,60,64,68,72,62,49,68,63,68,71,68,89,62,425,32,58,70,137,183,149,158,182,107,164,44,198,45,181,74,77,56,0,40,166,134,84,171,50,188,48,42,405,49,56,49,55,180,70,172,68,56,220,64,37,67,408,46,35,57,404,57,170,40,150,32,64,49,415,168,175,23,57,122,168,53,135,156,46,162,201,70,157,162,38,169,175,38,59,58,57,172,142,53,58,53,40,45,63,79,58,61,44,60,26,41,43,405,44,49,74,59,54,135,41,421,54,50
SRR933377,53,41,34,180,407,54,56,32,56,58,51,53,48,47,72,50,56,63,39,48,29,49,46,41,43,65,48,52,56,60,50,37,56,51,56,59,56,77,50,413,20,46,58,125,171,137,146,170,95,152,32,186,33,169,62,65,44,40,0,154,120,72,159,38,176,36,30,393,37,44,37,43,168,58,160,56,44,208,52,25,55,396,34,33,45,392,45,158,28,138,20,52,37,403,156,163,21,45,110,156,41,123,144,34,150,189,58,145,150,26,157,163,26,47,46,45,160,130,41,46,41,28,33,51,67,46,49,32,48,14,29,31,393,32,37,62,47,42,123,29,409,42,38
SRR933379,177,161,152,102,385,168,172,150,172,178,165,169,164,167,188,166,176,179,155,164,153,163,162,155,159,179,162,166,172,176,164,157,172,167,172,179,172,193,166,391,146,162,146,123,141,49,118,142,93,126,152,92,151,91,158,141,168,166,154,0,140,146,65,154,150,156,150,371,161,164,157,163,142,174,82,170,160,180,168,151,171,374,158,159,165,368,167,80,152,138,144,168,157,381,62,69,147,127,110,128,147,121,142,154,148,161,174,119,122,146,129,135,146,163,162,161,158,104,155,162,161,150,153,165,155,162,165,152,168,140,143,151,371,158,153,176,163,158,45,145,389,158,154
SRR933381,145,129,120,166,389,136,138,118,140,146,133,137,132,135,148,134,144,147,123,132,121,131,130,123,127,141,130,134,140,144,132,125,140,135,136,147,140,159,134,401,114,130,114,111,151,121,132,156,81,134,120,172,119,155,126,105,136,134,120,140,0,112,139,122,164,124,118,381,129,130,125,131,156,142,146,138,128,194,136,119,133,384,126,127,133,380,135,144,120,126,112,136,125,391,140,139,115,85,96,142,115,109,130,122,136,175,142,131,136,114,143,149,114,131,130,129,146,118,123,130,129,118,121,133,121,130,131,120,136,108,111,119,381,126,121,144,131,126,107,113,397,126,122
SRR933383,95,79,72,172,399,88,90,70,90,96,85,87,82,85,106,84,94,97,73,82,71,83,80,75,77,99,82,86,90,94,84,75,90,85,90,97,90,111,84,403,64,80,64,115,163,129,138,162,87,144,70,178,69,161,76,55,86,84,72,146,112,0,147,70,168,74,68,385,79,82,75,81,160,92,152,90,78,200,86,69,89,388,76,77,81,384,85,150,70,130,62,86,75,395,146,155,65,71,102,148,65,115,136,72,142,181,92,137,142,64,149,155,64,81,80,79,152,122,75,80,79,68,71,85,73,80,83,70,86,58,63,69,385,76,71,96,81,76,113,63,399,76,72
SRR933385,182,166,157,107,384,173,175,155,177,183,170,174,169,172,187,171,181,184,160,169,158,168,167,160,164,178,167,171,177,181,169,162,177,172,173,184,177,198,171,390,151,167,151,128,146,52,123,147,98,131,157,89,156,96,163,146,173,171,159,65,139,147,0,157,151,159,155,376,166,169,162,168,147,179,87,175,165,185,173,156,170,379,161,164,168,373,172,85,157,139,149,173,162,386,45,62,152,126,115,133,152,126,147,159,153,166,179,124,127,151,134,140,151,168,167,166,163,109,160,167,166,155,158,170,160,167,168,157,173,145,148,156,376,163,158,181,168,163,50,150,386,163,159
SRR933387,61,45,38,180,407,38,46,36,46,62,35,43,38,51,60,40,58,53,29,38,37,33,36,25,33,55,32,36,46,50,34,41,46,41,46,63,46,67,40,413,30,34,58,125,171,137,146,170,95,152,36,186,37,169,62,65,52,50,38,154,122,70,157,0,176,40,34,393,43,48,41,47,168,48,160,46,34,208,42,35,45,396,42,43,49,392,51,158,36,138,28,42,41,403,156,163,31,47,110,156,41,123,144,38,150,189,48,145,150,30,157,163,30,37,36,35,160,130,25,36,45,34,37,35,67,36,39,36,52,24,13,35,393,42,27,52,37,32,123,19,409,32,28
SRR933389,199,183,176,176,411,192,194,174,194,200,189,191,186,189,210,188,198,201,177,186,175,187,184,179,181,203,186,190,194,198,188,179,194,189,194,201,194,215,188,415,168,184,168,149,167,133,142,166,119,150,174,182,173,165,180,163,190,188,176,150,164,168,151,176,0,174,172,397,183,186,179,185,164,196,152,194,182,178,190,173,193,400,170,177,187,396,189,154,174,156,166,190,179,407,148,159,169,149,134,152,169,147,168,176,174,185,196,143,146,168,153,159,168,185,184,183,184,124,179,184,183,172,175,189,177,184,187,174,190,162,167,173,397,180,175,200,185,180,119,167,411,180,176
SRR933391,59,41,32,182,409,56,58,30,58,58,53,55,50,47,74,52,56,65,41,50,35,51,48,43,45,67,50,54,58,62,52,35,58,53,58,59,58,79,52,413,28,48,60,127,173,139,148,172,97,154,30,188,33,171,64,67,50,48,36,156,124,74,159,40,174,0,28,395,43,42,35,35,170,60,162,58,46,210,54,33,57,398,36,41,43,394,49,160,34,138,26,54,37,405,156,165,29,45,112,158,43,125,146,34,152,191,60,147,152,24,159,165,24,49,48,47,162,132,43,48,37,32,31,53,69,48,51,30,48,22,31,29,395,40,39,64,49,44,125,31,409,44,40
SRR933393,53,35,26,176,403,50,52,24,52,52,47,49,44,41,68,46,50,59,35,44,29,45,42,37,39,61,44,48,52,56,46,29,52,47,52,53,52,73,46,409,22,42,54,121,167,133,142,166,91,148,24,182,27,165,58,61,44,42,30,150,118,68,155,34,172,28,0,389,37,28,29,35,164,54,156,52,40,204,48,27,51,392,34,35,29,388,43,154,28,134,20,48,31,399,152,159,23,39,106,152,37,119,140,28,146,185,54,141,146,10,153,159,10,43,42,41,156,126,37,42,33,26,17,47,63,42,45,16,42,16,25,15,389,34,33,58,43,38,119,25,405,38,34
SRR933395,416,400,391,397,36,407,411,389,411,417,404,408,403,406,427,405,415,418,394,403,392,402,401,394,398,418,401,405,411,415,403,396,409,406,411,418,411,432,405,64,385,401,385,364,382,354,359,383,334,373,391,403,390,386,397,380,407,405,393,371,381,385,376,393,397,395,389,0,400,403,396,402,385,413,377,409,397,427,407,390,410,43,397,398,404,21,406,375,391,379,383,407,396,54,373,380,386,366,351,369,386,362,383,393,389,402,413,366,369,385,370,376,385,402,401,400,399,351,394,401,400,389,392,404,394,401,404,391,407,379,382,390,26,397,392,415,402,397,340,384,64,397,393
SRR933397,54,48,41,187,414,59,63,39,63,65,56,60,55,54,79,57,63,70,46,55,30,54,53,46,50,72,53,57,63,67,55,44,63,58,63,66,63,84,57,420,29,51,65,132,178,144,153,177,102,159,39,193,40,176,69,72,45,49,37,161,129,79,166,43,183,43,37,400,0,51,44,50,175,65,167,63,51,215,59,34,62,403,35,42,52,399,52,165,29,145,21,59,44,410,163,170,30,52,117,163,48,130,151,41,157,196,65,152,157,33,164,170,33,54,53,52,167,137,46,53,48,29,40,56,74,53,56,39,55,23,34,38,400,41,44,69,54,49,130,36,416,49,45
SRR933399,67,49,40,190,417,64,66,38,66,66,61,63,58,55,82,60,64,73,49,58,43,59,56,51,53,75,58,62,66,70,60,43,66,61,66,67,66,85,60,423,36,56,68,135,181,147,156,180,105,162,38,196,41,179,72,75,58,56,44,164,130,82,169,48,186,42,28,403,51,0,43,49,178,68,170,66,54,218,62,41,65,406,48,49,43,402,57,168,42,148,34,62,45,413,166,173,37,53,120,166,51,133,154,42,160,199,68,153,160,24,167,173,24,57,56,55,170,140,51,56,47,40,31,61,75,56,59,30,56,30,39,29,403,48,47,72,57,52,133,39,419,52,48
SRR933401,60,42,31,183,410,57,59,29,59,59,54,56,51,48,75,53,57,66,42,51,36,52,49,44,46,68,51,55,59,63,53,36,59,54,59,60,59,80,53,416,29,49,61,128,174,140,149,173,98,155,31,189,34,172,65,68,51,49,37,157,125,75,162,41,179,35,29,396,44,43,0,42,171,61,163,59,47,211,55,34,58,399,41,42,44,395,50,161,35,141,27,55,38,406,159,166,30,46,113,159,44,126,147,35,153,192,61,148,153,25,160,166,25,50,49,48,163,133,44,49,40,33,32,54,70,49,52,31,49,23,32,30,396,41,40,65,50,45,126,32,412,45,41
SRR933403,66,48,39,189,416,63,65,37,65,65,60,62,57,54,81,59,63,72,48,57,42,58,55,50,52,74,57,61,65,69,59,42,65,60,65,66,65,86,59,422,35,55,67,134,180,146,155,179,104,161,37,195,40,178,71,74,57,55,43,163,131,81,168,47,185,35,35,402,50,49,42,0,177,67,169,65,53,217,61,40,64,405,47,48,50,401,56,167,41,147,33,61,44,412,165,172,36,52,119,165,50,132,153,41,159,198,67,154,159,31,166,172,31,56,55,54,169,139,50,55,44,39,38,60,76,55,58,37,55,29,38,36,402,47,46,71,56,51,132,38,418,51,47
SRR933405,191,175,168,168,399,184,186,166,186,192,181,183,178,181,202,180,190,193,169,178,167,179,176,171,173,195,178,182,186,190,180,171,186,181,186,193,186,207,180,405,160,176,160,141,103,125,78,134,111,142,166,174,165,157,172,155,182,180,168,142,156,160,147,168,164,170,164,385,175,178,171,177,0,188,148,186,174,192,182,165,185,388,172,173,179,384,181,146,166,154,158,182,171,395,144,151,161,141,122,92,161,139,160,168,166,149,188,135,138,160,93,123,160,177,176,175,176,118,171,176,175,164,167,181,169,176,179,166,182,154,159,165,385,172,167,192,177,172,111,159,403,172,168
SRR933407,79,65,58,200,427,64,66,56,66,82,61,63,58,71,82,60,80,73,49,58,57,59,56,51,53,75,58,62,66,70,60,61,66,61,66,83,66,87,60,433,50,56,78,145,191,157,166,190,115,172,56,206,57,189,82,85,72,70,58,174,142,92,179,48,196,60,54,413,65,68,61,67,188,0,180,66,54,228,62,55,65,416,62,63,69,412,71,178,56,158,48,62,61,423,176,183,51,67,130,176,61,143,164,58,170,209,68,165,170,50,177,183,50,57,56,55,180,150,51,56,65,54,57,61,87,56,59,56,72,44,39,55,413,62,47,72,57,52,143,39,429,52,48
SRR933409,183,167,158,104,391,174,178,156,178,184,171,175,170,173,194,172,182,185,161,170,159,169,168,161,165,185,168,172,178,182,170,163,178,173,178,185,178,199,172,397,152,168,152,129,147,65,124,148,99,132,158,114,157,93,164,147,174,172,160,82,146,152,87,160,152,162,156,377,167,170,163,169,148,180,0,176,166,184,174,157,177,380,164,165,171,376,173,82,158,144,150,174,163,387,84,91,153,133,116,134,153,127,148,160,154,167,180,125,128,152,135,141,152,169,168,167,164,110,161,168,167,156,159,171,161,168,171,158,174,146,149,157,377,164,159,182,169,164,51,151,395,164,160
SRR933411,79,63,54,196,423,60,64,52,64,80,57,61,56,69,80,58,78,71,47,56,55,55,54,47,51,71,54,58,64,68,56,59,64,59,64,81,64,85,58,429,48,54,76,141,187,153,162,186,111,168,54,202,55,185,80,83,70,68,56,170,138,90,175,46,194,58,52,409,63,66,59,65,186,66,176,0,52,224,60,53,63,412,60,61,67,408,69,174,54,156,46,60,59,419,172,179,49,65,126,172,59,139,160,56,166,205,66,161,166,48,173,179,48,55,54,53,176,148,47,54,63,52,55,57,85,54,57,54,70,42,35,53,409,60,45,68,55,50,139,37,425,50,38
SRR933413,67,51,44,186,411,50,52,42,52,68,47,49,44,57,68,46,66,57,29,44,43,45,42,37,39,61,44,48,52,56,46,47,52,47,46,69,52,69,46,419,36,42,64,131,177,143,152,176,101,158,42,192,43,175,68,71,58,56,44,160,128,78,165,34,182,46,40,397,51,54,47,53,174,54,166,52,0,214,48,41,51,402,48,49,55,396,57,164,42,144,34,44,47,409,162,169,37,53,116,162,47,129,150,44,156,195,50,151,156,36,163,169,36,43,40,41,166,136,37,42,51,40,43,47,73,42,45,42,58,30,25,41,397,48,33,52,43,38,129,25,415,38,34
SRR933415,231,215,206,206,441,222,226,204,226,232,219,223,218,221,242,220,230,233,209,218,207,217,216,209,213,233,216,220,226,230,218,211,226,221,226,233,226,247,220,447,200,216,200,179,193,163,168,196,149,178,206,212,205,195,212,195,222,220,208,180,194,200,185,208,178,210,204,427,215,218,211,217,192,228,184,224,214,0,222,205,225,430,212,213,219,426,221,184,206,194,198,222,211,437,182,189,201,181,160,182,201,177,198,208,204,211,228,171,176,200,183,183,200,217,216,215,214,156,209,216,215,204,207,219,209,216,219,206,222,194,197,205,427,212,207,230,217,212,149,199,445,212,208
SRR933417,75,59,52,194,421,58,60,50,60,76,55,57,52,65,76,54,74,67,43,50,51,53,48,45,45,69,52,56,58,64,54,55,60,55,60,77,58,81,52,427,44,50,72,139,185,151,160,184,109,166,50,200,51,183,76,79,66,64,52,168,136,86,173,42,190,54,48,407,59,62,55,61,182,62,174,60,48,222,0,49,59,410,56,57,63,406,65,172,50,152,42,56,55,417,170,177,45,61,124,170,55,137,158,52,164,203,62,159,164,44,171,177,44,51,50,49,174,144,45,50,59,48,51,55,81,50,53,50,66,38,33,49,407,56,41,66,51,46,137,33,423,46,42
SRR933419,50,38,31,177,404,51,53,29,53,55,48,50,45,44,69,47,53,60,36,45,26,46,43,38,40,62,45,49,53,57,47,34,53,48,53,56,53,74,47,410,17,43,55,122,168,134,143,167,92,149,29,183,30,166,59,62,41,37,25,151,119,69,156,35,173,33,27,390,34,41,34,40,165,55,157,53,41,205,49,0,52,393,31,30,42,389,42,155,25,135,17,49,34,400,153,160,18,42,107,153,38,120,141,31,147,186,55,142,147,23,154,160,23,44,43,42,157,127,38,43,38,25,30,48,64,43,46,29,45,11,26,28,390,25,34,59,44,39,120,26,406,39,35
SRR933421,78,62,55,197,418,61,61,53,63,79,58,30,55,68,73,57,77,70,46,55,54,56,53,48,50,66,55,59,63,67,57,58,63,58,19,80,63,46,57,430,47,53,75,142,188,152,163,187,112,169,53,203,54,186,79,82,69,67,55,171,133,89,170,45,193,57,51,410,62,65,58,64,185,65,177,63,51,225,59,52,0,413,59,60,66,409,68,175,53,155,45,21,58,420,171,174,48,58,127,173,58,140,161,55,167,206,35,162,167,47,174,180,47,24,23,52,177,147,48,53,62,51,54,58,84,53,54,53,69,41,36,52,410,59,44,69,54,49,140,36,426,49,45
SRR933423,419,403,394,400,57,410,414,392,414,420,407,411,406,409,430,408,418,421,397,406,395,405,404,397,401,421,404,408,414,418,406,399,412,409,414,421,414,435,408,67,388,404,388,367,385,357,362,386,337,376,394,406,393,389,400,383,410,408,396,374,384,388,379,396,400,398,392,43,403,406,399,405,388,416,380,412,402,430,410,393,413,0,400,401,407,42,409,378,394,382,386,408,399,57,376,383,389,369,354,372,389,365,386,396,392,405,416,369,372,388,373,379,388,405,404,403,402,354,397,404,403,392,395,407,397,404,407,394,410,382,385,393,43,400,395,418,405,400,343,387,67,400,396
SRR933425,51,45,38,184,411,58,60,36,58,62,55,57,52,51,76,54,60,67,43,52,27,53,50,45,47,69,52,56,60,64,54,41,60,55,60,63,60,81,54,415,26,50,62,129,175,141,150,174,99,156,36,190,37,173,66,69,42,46,34,158,126,76,161,42,170,36,34,397,35,48,41,47,172,62,164,60,48,212,56,31,59,400,0,35,49,396,49,162,26,140,18,56,41,407,158,167,27,49,114,160,45,127,148,38,154,193,62,149,154,30,161,167,30,51,50,49,164,134,45,50,45,26,37,55,71,50,53,36,52,20,33,35,397,38,41,66,51,46,127,33,411,46,42
SRR933427,58,46,39,185,412,59,61,37,61,63,56,58,53,52,77,55,61,68,44,53,34,54,51,46,48,70,53,57,61,65,55,42,61,56,61,64,61,82,55,418,25,51,63,130,176,142,151,175,100,157,37,191,38,174,67,70,49,35,33,159,127,77,164,43,177,41,35,398,42,49,42,48,173,63,165,61,49,213,57,30,60,401,35,0,50,397,50,163,33,143,25,57,42,408,161,168,16,50,115,161,46,128,149,39,155,194,63,150,155,31,162,168,31,52,51,50,165,135,46,51,46,33,38,56,72,51,54,37,53,19,34,36,398,37,42,67,52,47,128,34,414,47,43
SRR933429,68,50,41,191,418,65,67,39,67,67,62,64,59,56,83,61,65,74,50,59,44,60,57,52,54,76,59,63,67,71,61,44,67,62,67,68,67,88,61,422,37,57,69,136,182,148,157,181,106,163,39,197,42,180,73,76,59,57,45,165,133,81,168,49,187,43,29,404,52,43,44,50,179,69,171,67,55,219,63,42,66,407,49,50,0,403,58,169,43,149,35,63,46,414,165,174,38,54,121,167,52,134,155,43,161,200,69,156,161,25,168,174,25,58,57,56,171,141,52,57,48,41,32,62,78,57,60,31,57,31,40,30,404,49,48,73,58,53,134,40,418,53,49
SRR933431,415,399,390,396,35,406,410,388,410,416,403,407,402,405,426,404,414,417,393,402,391,401,400,393,397,417,400,404,410,414,402,395,408,405,410,417,410,431,404,63,384,400,384,363,381,351,358,382,333,372,390,400,389,385,396,379,406,404,392,368,380,384,373,392,396,394,388,21,399,402,395,401,384,412,376,408,396,426,406,389,409,42,396,397,403,0,405,374,388,378,382,406,395,53,370,377,385,365,350,368,385,361,382,392,388,401,412,365,368,384,369,375,384,401,400,399,398,350,393,400,399,388,391,403,393,400,403,390,406,378,381,389,25,396,391,414,401,396,339,383,63,396,392
SRR933433,68,54,47,193,420,67,69,45,69,71,64,66,61,60,85,63,69,76,52,61,44,62,59,54,56,78,61,65,69,73,63,50,69,64,69,72,69,90,63,426,37,59,71,138,184,150,159,183,108,165,45,199,46,182,75,78,59,57,45,167,135,85,172,51,189,49,43,406,52,57,50,56,181,71,173,69,57,221,65,42,68,409,49,50,58,405,0,171,43,151,35,65,50,416,169,176,38,58,123,169,54,136,157,47,163,202,71,158,163,39,170,176,39,60,59,58,173,143,54,59,54,43,46,64,80,59,62,45,61,31,42,44,406,49,50,75,60,55,136,42,422,55,51
SRR933435,181,165,156,58,389,172,176,154,176,182,169,173,168,171,192,170,180,183,159,168,157,167,166,159,163,181,166,170,176,180,168,161,176,171,176,183,176,197,170,395,150,166,150,127,145,63,122,146,97,130,156,112,155,47,162,145,172,170,158,80,144,150,85,158,154,160,154,375,165,168,161,167,146,178,82,174,164,184,172,155,175,378,162,163,169,374,171,0,156,142,148,172,161,385,82,89,151,131,114,132,151,125,146,158,152,165,178,123,126,150,133,139,150,167,166,165,162,108,159,166,165,154,157,169,159,166,169,156,172,144,147,155,375,162,157,180,167,162,49,149,393,162,158
SRR933437,45,39,32,178,405,52,54,30,54,56,49,51,46,45,70,48,54,61,37,46,21,47,44,39,41,63,46,50,54,58,48,35,54,49,54,57,54,75,48,411,20,44,56,123,169,135,144,168,93,150,30,184,31,167,60,63,36,40,28,152,120,70,157,36,174,34,28,391,29,42,35,41,166,56,158,54,42,206,50,25,53,394,26,33,43,388,43,156,0,136,12,50,35,401,154,161,21,43,108,154,39,121,142,32,148,187,56,143,148,24,155,161,24,45,44,43,158,128,39,44,39,20,31,49,65,44,47,30,46,14,27,29,391,32,35,60,45,40,121,27,407,40,36
SRR933439,161,145,138,164,393,154,156,136,156,162,151,153,148,151,172,150,160,163,139,148,137,149,146,141,143,165,148,152,156,160,150,141,156,151,156,163,156,177,150,397,130,146,130,99,155,121,132,156,69,140,136,170,135,153,142,125,152,150,138,138,126,130,139,138,156,138,134,379,145,148,141,147,154,158,144,156,144,194,152,135,155,382,140,143,149,378,151,142,136,0,128,152,141,389,136,147,131,111,86,142,131,97,118,138,124,175,158,131,136,130,143,149,130,147,146,145,134,116,141,146,145,134,137,151,139,146,149,136,152,124,129,135,379,142,137,162,147,142,107,129,393,142,138
SRR933441,37,31,24,170,397,44,46,22,46,48,41,43,38,37,62,40,46,53,29,38,13,39,36,31,33,55,38,42,46,50,40,27,46,41,46,49,46,67,40,403,12,36,48,115,161,127,136,160,85,142,22,176,23,159,52,55,28,32,20,144,112,62,149,28,166,26,20,383,21,34,27,33,158,48,150,46,34,198,42,17,45,386,18,25,35,382,35,148,12,128,0,42,27,393,146,153,13,35,100,146,31,113,134,24,140,179,48,135,140,16,147,153,16,37,36,35,150,120,31,36,31,12,23,41,57,36,39,22,38,6,19,21,383,24,27,52,37,32,113,19,399,32,28
SRR933443,75,59,52,194,421,58,60,50,60,76,55,27,52,65,76,54,74,65,39,52,51,53,50,45,47,69,52,56,60,64,54,55,60,55,18,77,60,39,54,427,44,50,72,139,185,151,160,184,109,166,50,200,51,183,76,79,66,64,52,168,136,86,173,42,190,54,48,407,59,62,55,61,182,62,174,60,44,222,56,49,21,408,56,57,63,406,65,172,50,152,42,0,55,417,170,177,45,61,124,170,55,137,158,52,164,203,28,159,164,44,171,177,44,21,18,49,174,144,45,50,59,48,51,55,81,50,53,50,66,38,33,49,407,56,41,62,51,46,137,33,423,46,42
SRR933445,60,40,35,183,410,57,59,33,59,41,54,56,51,48,75,53,39,66,42,51,36,52,49,44,46,68,51,55,59,63,53,38,59,54,59,32,59,80,53,416,29,49,61,128,174,140,149,173,98,155,33,189,34,172,65,68,51,49,37,157,125,75,162,41,179,37,31,396,44,45,38,44,171,61,163,59,47,211,55,34,58,399,41,42,46,395,50,161,35,141,27,55,0,406,159,166,30,44,113,159,44,126,147,35,153,192,61,148,153,27,160,166,27,50,49,48,163,133,44,49,42,33,34,54,70,49,52,33,31,23,32,32,396,41,40,65,50,45,126,32,412,45,41
SRR933447,426,410,401,407,68,417,421,399,421,427,414,418,413,416,437,415,425,428,404,413,402,412,411,404,408,428,411,415,421,425,413,406,419,416,421,428,421,442,415,66,395,411,395,374,392,364,369,393,344,383,401,413,400,396,407,390,417,415,403,381,391,395,386,403,407,405,399,54,410,413,406,412,395,423,387,419,409,437,417,400,420,57,407,408,414,53,416,385,401,389,393,417,406,0,383,390,396,376,361,379,396,372,393,403,399,412,423,376,379,395,380,386,395,412,411,410,409,361,404,411,410,399,402,414,404,411,414,401,417,389,392,400,54,407,402,425,412,407,350,394,66,407,403
SRR933449,179,163,154,104,385,170,172,152,174,180,167,171,166,169,188,168,178,181,157,166,155,165,164,157,161,179,162,166,174,178,166,159,174,169,172,181,174,195,168,387,148,164,148,125,143,51,120,144,95,128,154,86,153,93,160,143,170,168,156,62,140,146,45,156,148,156,152,373,163,166,159,165,144,176,84,172,162,182,170,153,171,376,158,161,165,370,169,82,154,136,146,170,159,383,0,63,149,127,112,130,149,123,144,156,150,163,176,121,124,148,131,137,148,165,164,163,160,106,157,164,163,152,155,167,157,164,167,154,170,142,145,153,373,160,155,178,165,160,47,147,383,160,156
SRR933451,186,170,161,111,388,177,179,159,181,187,174,178,173,176,191,175,185,188,164,173,162,172,171,164,168,182,171,175,181,185,173,166,181,176,177,188,181,202,175,400,155,171,155,132,150,56,127,151,102,135,161,95,160,100,167,150,177,175,163,69,139,155,62,163,159,165,159,380,170,173,166,172,151,183,91,179,169,189,177,160,174,383,167,168,174,377,176,89,161,147,153,177,166,390,63,0,156,128,119,135,156,130,151,163,157,170,183,128,131,155,136,144,155,172,171,170,167,113,164,171,170,159,162,174,164,171,172,161,177,149,152,160,380,167,162,185,172,167,54,154,398,167,163
SRR933453,46,34,27,173,400,47,49,25,49,51,44,46,41,40,65,43,49,56,32,41,22,42,39,34,36,58,41,45,49,53,43,30,49,44,49,52,49,70,43,406,13,39,51,118,164,130,139,163,88,145,25,179,26,162,55,58,37,23,21,147,115,65,152,31,169,29,23,386,30,37,30,36,161,51,153,49,37,201,45,18,48,389,27,16,38,385,38,151,21,131,13,45,30,396,149,156,0,38,103,149,34,116,137,27,143,182,51,138,143,19,150,156,19,40,39,38,153,123,34,39,34,21,26,44,60,39,42,25,41,7,22,24,386,25,30,55,40,35,116,22,402,35,31
SRR933455,68,48,43,153,374,63,63,41,65,65,60,62,57,56,75,59,63,72,48,57,44,58,55,50,52,68,57,61,65,69,59,46,65,60,61,66,65,86,59,386,37,55,63,98,144,108,119,143,68,127,41,159,42,142,69,66,59,57,45,127,85,71,126,47,149,45,39,366,52,53,46,52,141,67,133,65,53,181,61,42,58,369,49,50,54,365,58,131,43,111,35,61,44,376,127,128,38,0,83,129,48,96,117,43,123,162,67,118,123,35,130,136,35,56,55,54,133,103,50,55,50,41,42,60,72,55,56,41,55,31,38,40,366,49,46,71,56,51,96,38,382,51,47
SRR933457,133,117,108,136,365,124,128,106,128,134,121,125,120,123,144,122,132,135,111,120,109,119,118,111,115,135,118,122,128,132,120,113,128,123,128,135,128,149,122,371,102,118,102,71,123,93,98,126,41,110,108,142,107,125,114,97,124,122,110,110,96,102,115,110,134,112,106,351,117,120,113,119,122,130,116,126,116,160,124,107,127,354,114,115,121,350,123,114,108,86,100,124,113,361,112,119,103,83,0,112,103,55,90,110,80,141,130,101,106,102,113,113,102,119,118,117,106,88,111,118,117,106,109,121,111,118,121,108,124,96,99,107,351,114,109,132,119,114,79,101,369,114,110
SRR933459,179,163,154,154,383,170,174,152,174,180,167,171,166,169,190,168,178,181,157,166,155,165,164,157,161,181,164,168,174,178,166,159,174,169,174,181,174,195,168,389,148,164,148,127,75,111,22,118,97,128,154,160,153,143,160,143,170,168,156,128,142,148,133,156,152,158,152,369,163,166,159,165,92,176,134,172,162,182,170,153,173,372,160,161,167,368,169,132,154,142,146,170,159,379,130,135,149,129,112,0,149,125,146,156,152,137,176,121,124,148,23,111,148,165,164,163,162,106,157,164,163,152,155,167,157,164,167,154,170,142,145,153,369,160,155,178,165,160,97,147,387,160,156
SRR933461,64,48,41,173,400,57,59,39,59,65,54,56,51,54,75,53,63,66,42,51,40,52,49,44,46,68,51,55,59,63,53,44,59,54,59,66,59,80,53,406,33,49,51,118,164,130,139,163,88,145,39,179,40,162,55,58,55,53,41,147,115,65,152,41,169,43,37,386,48,51,44,50,161,61,153,59,47,201,55,38,58,389,45,46,52,385,54,151,39,131,31,55,44,396,149,156,34,48,103,149,0,116,137,41,143,182,61,138,143,33,150,156,33,50,49,48,153,123,44,49,48,37,40,54,60,49,52,39,55,27,32,38,386,45,40,65,50,45,116,32,402,45,41
SRR933463,146,130,121,147,376,137,141,119,141,147,134,138,133,136,157,135,145,148,124,133,122,132,131,124,128,148,131,135,141,145,133,126,141,136,141,148,141,162,135,382,115,131,115,82,138,104,115,139,52,123,121,153,120,136,127,110,137,135,123,121,109,115,126,123,147,125,119,362,130,133,126,132,139,143,127,139,129,177,137,120,140,365,127,128,134,361,136,125,121,97,113,137,126,372,123,130,116,96,55,125,116,0,101,123,39,158,143,114,119,115,124,132,115,132,131,130,117,101,124,131,130,119,122,134,124,131,134,121,137,109,112,120,362,127,122,145,132,127,90,114,380,127,123
SRR933465,167,151,142,168,397,158,162,140,162,168,155,159,154,157,178,156,166,169,145,154,143,153,152,145,149,169,152,156,162,166,154,147,162,157,162,169,162,183,156,403,136,152,136,63,159,125,136,160,73,144,142,174,141,157,148,131,158,156,144,142,130,136,147,144,168,146,140,383,151,154,147,153,160,164,148,160,150,198,158,141,161,386,148,149,155,382,157,146,142,118,134,158,147,393,144,151,137,117,90,146,137,101,0,144,128,179,164,135,140,136,147,153,136,153,152,151,46,122,145,152,151,140,143,155,145,152,155,142,158,130,133,141,383,148,143,166,153,148,111,135,401,148,144
SRR933467,57,39,32,180,407,54,56,30,56,56,51,53,48,43,72,50,54,63,39,48,33,49,46,41,43,65,48,52,56,60,50,35,56,51,56,57,56,77,50,413,26,46,58,125,171,137,146,170,95,152,30,186,29,169,62,65,48,46,34,154,122,72,159,38,176,34,28,393,41,42,35,41,168,58,160,56,44,208,52,31,55,396,38,39,43,392,47,158,32,138,24,52,35,403,156,163,27,43,110,156,41,123,144,0,150,189,58,145,150,24,157,163,24,47,46,45,160,130,41,46,39,30,31,51,67,46,49,30,46,20,29,29,393,38,37,62,47,42,123,29,409,42,38
SRR933469,173,157,148,174,403,164,168,146,168,174,161,165,160,163,184,162,172,175,151,160,149,159,158,151,155,175,158,162,168,172,160,153,168,163,168,175,168,189,162,409,142,158,142,109,165,131,142,166,79,150,148,180,147,163,154,137,164,162,150,148,136,142,153,150,174,152,146,389,157,160,153,159,166,170,154,166,156,204,164,147,167,392,154,155,161,388,163,152,148,124,140,164,153,399,150,157,143,123,80,152,143,39,128,150,0,185,170,141,146,142,151,159,142,159,158,157,144,128,151,158,157,146,149,161,151,158,161,148,164,136,139,147,389,154,149,172,159,154,117,141,407,154,150
SRR933471,212,196,187,187,416,203,207,185,207,213,200,204,199,202,223,201,211,214,190,199,188,198,197,190,194,214,197,201,207,211,199,192,207,202,207,214,207,228,201,422,181,197,181,160,146,144,123,75,128,161,187,193,186,176,193,176,203,201,189,161,175,181,166,189,185,191,185,402,196,199,192,198,149,209,167,205,195,211,203,186,206,405,193,194,200,401,202,165,187,175,179,203,192,412,163,170,182,162,141,137,182,158,179,189,185,0,209,152,157,181,138,58,181,198,197,196,195,139,190,197,196,185,188,200,190,197,200,187,203,175,178,186,402,193,188,211,198,193,130,180,420,193,189
SRR933473,81,65,58,200,427,64,66,56,66,82,61,31,58,71,82,60,80,71,45,58,57,59,56,51,53,75,58,62,66,70,60,61,66,61,32,83,66,53,60,433,50,56,78,145,191,157,166,190,115,172,56,206,57,189,82,85,72,70,58,174,142,92,179,48,196,60,54,413,65,68,61,67,188,68,180,66,50,228,62,55,35,416,62,63,69,412,71,178,56,158,48,28,61,423,176,183,51,67,130,176,61,143,164,58,170,209,0,165,170,50,177,183,50,25,22,55,180,150,51,56,65,54,57,61,87,56,59,56,72,44,39,55,413,62,47,68,57,52,143,39,429,52,48
SRR933475,168,152,143,145,380,159,163,141,163,169,156,160,155,158,179,157,167,170,146,155,144,154,153,146,150,170,153,157,163,167,155,148,163,158,163,170,163,184,157,386,137,153,137,116,136,102,111,135,86,117,143,151,142,134,149,132,159,157,145,119,131,137,124,145,143,147,141,366,152,153,148,154,135,165,125,161,151,171,159,142,162,369,149,150,156,365,158,123,143,131,135,159,148,376,121,128,138,118,101,121,138,114,135,145,141,152,165,0,83,137,122,128,137,154,153,152,151,97,146,153,152,141,144,156,146,153,156,143,159,131,134,142,366,149,144,167,154,149,88,136,384,149,145
SRR933477,173,157,148,148,383,164,168,146,168,174,161,165,160,163,184,162,172,175,151,160,149,159,158,151,155,175,158,162,168,172,160,153,168,163,168,175,168,189,162,389,142,158,142,121,139,105,114,138,91,122,148,154,147,137,154,137,164,162,150,122,136,142,127,150,146,152,146,369,157,160,153,159,138,170,128,166,156,176,164,147,167,372,154,155,161,368,163,126,148,136,140,164,153,379,124,131,143,123,106,124,143,119,140,150,146,157,170,83,0,142,125,131,142,159,158,157,156,100,151,158,157,146,149,161,151,158,161,148,164,136,139,147,369,154,149,172,159,154,91,141,387,154,150
SRR933479,49,31,22,172,399,46,48,20,48,48,43,45,40,37,64,42,46,55,31,40,25,41,38,33,35,57,40,44,48,52,42,25,48,43,48,49,48,69,42,405,18,38,50,117,163,129,138,162,87,144,20,178,23,161,54,57,40,38,26,146,114,64,151,30,168,24,10,385,33,24,25,31,160,50,152,48,36,200,44,23,47,388,30,31,25,384,39,150,24,130,16,44,27,395,148,155,19,35,102,148,33,115,136,24,142,181,50,137,142,0,149,155,4,39,38,37,152,122,33,38,29,22,13,43,59,38,41,12,38,12,21,11,385,30,29,54,39,34,115,21,401,34,30
SRR933481,180,164,155,155,384,171,175,153,175,181,168,172,167,170,191,169,179,182,158,167,156,166,165,158,162,182,165,169,175,179,167,160,175,170,175,182,175,196,169,390,149,165,149,128,76,112,23,119,98,129,155,161,154,144,161,144,171,169,157,129,143,149,134,157,153,159,153,370,164,167,160,166,93,177,135,173,163,183,171,154,174,373,161,162,168,369,170,133,155,143,147,171,160,380,131,136,150,130,113,23,150,124,147,157,151,138,177,122,125,149,0,112,149,166,165,164,163,107,158,165,164,153,156,168,158,165,168,155,171,143,146,154,370,161,156,179,166,161,98,148,388,161,157
SRR933483,186,170,161,161,390,177,181,159,181,187,174,178,173,176,197,175,185,188,164,173,162,172,171,164,168,188,171,175,181,185,173,166,181,176,181,188,181,202,175,396,155,171,155,134,122,118,97,47,100,135,161,167,160,150,167,150,177,175,163,135,149,155,140,163,159,165,159,376,170,173,166,172,123,183,141,179,169,183,177,160,180,379,167,168,174,375,176,139,161,149,153,177,166,386,137,144,156,136,113,111,156,132,153,163,159,58,183,128,131,155,112,0,155,172,171,170,169,113,164,171,170,159,162,174,164,171,174,161,177,149,152,160,376,167,162,185,172,167,104,154,394,167,163
SRR933485,49,31,22,172,399,46,48,20,48,48,43,45,40,37,64,42,46,55,31,40,25,41,38,33,35,57,40,44,48,52,42,25,48,43,48,49,48,69,42,405,18,38,50,117,163,129,138,162,87,144,20,178,23,161,54,57,40,38,26,146,114,64,151,30,168,24,10,385,33,24,25,31,160,50,152,48,36,200,44,23,47,388,30,31,25,384,39,150,24,130,16,44,27,395,148,155,19,35,102,148,33,115,136,24,142,181,50,137,142,4,149,155,0,39,38,37,152,122,33,38,29,22,13,43,59,38,41,12,38,12,21,11,385,30,29,54,39,34,115,21,401,34,30
SRR933487,70,54,47,189,416,53,55,45,55,71,50,14,47,60,71,49,69,62,38,47,46,48,45,40,42,64,47,51,55,59,49,50,55,50,25,72,55,46,49,422,39,45,67,134,180,146,155,179,104,161,45,195,46,178,71,74,61,59,47,163,131,81,168,37,185,49,43,402,54,57,50,56,177,57,169,55,43,217,51,44,24,405,51,52,58,401,60,167,45,147,37,21,50,412,165,172,40,56,119,165,50,132,153,47,159,198,25,154,159,39,166,172,39,0,7,44,169,139,40,45,54,43,46,50,76,45,48,45,61,33,28,44,402,51,36,61,46,41,132,28,418,41,37
SRR933489,69,53,46,188,415,52,54,44,54,70,49,13,46,59,70,48,68,61,35,46,45,47,44,39,41,63,46,50,54,58,48,49,54,49,22,71,54,43,48,421,38,44,66,133,179,145,154,178,103,160,44,194,45,177,70,73,60,58,46,162,130,80,167,36,184,48,42,401,53,56,49,55,176,56,168,54,40,216,50,43,23,404,50,51,57,400,59,166,44,146,36,18,49,411,164,171,39,55,118,164,49,131,152,46,158,197,22,153,158,38,165,171,38,7,0,43,168,138,39,44,53,42,45,49,75,44,47,44,60,32,27,43,401,50,35,58,45,40,131,27,417,40,36
SRR933491,68,52,45,187,414,51,35,43,53,69,48,50,45,58,69,47,67,58,36,45,44,46,43,38,40,62,45,49,53,57,47,48,53,48,53,70,53,74,47,420,37,43,65,132,178,144,153,177,102,159,43,193,44,176,69,72,59,57,45,161,129,79,166,35,183,47,41,400,52,55,48,54,175,55,167,53,41,215,49,42,52,403,49,50,56,399,58,165,43,145,35,49,48,410,163,170,38,54,117,163,48,130,151,45,157,196,55,152,157,37,164,170,37,44,43,0,167,137,38,19,52,41,44,48,74,43,36,43,59,31,26,42,400,49,34,59,44,39,130,26,416,39,35
SRR933493,183,167,158,184,413,174,178,156,178,184,171,175,170,173,194,172,182,185,161,170,159,169,168,161,165,185,168,172,178,182,170,163,178,173,178,185,178,199,172,419,152,168,152,81,175,141,152,176,89,160,158,190,157,173,164,147,174,172,160,158,146,152,163,160,184,162,156,399,167,170,163,169,176,180,164,176,166,214,174,157,177,402,164,165,171,398,173,162,158,134,150,174,163,409,160,167,153,133,106,162,153,117,46,160,144,195,180,151,156,152,163,169,152,169,168,167,0,138,161,168,167,156,159,171,161,168,171,158,174,146,149,157,399,164,159,182,169,164,127,151,417,164,160
SRR933495,153,137,130,130,365,146,148,128,148,154,143,145,140,143,164,142,152,155,131,140,129,141,138,133,135,157,140,144,148,152,142,133,148,143,148,155,148,169,142,371,122,138,122,103,121,87,96,120,73,104,128,136,127,119,134,117,144,142,130,104,118,122,109,130,124,132,126,351,137,140,133,139,118,150,110,148,136,156,144,127,147,354,134,135,141,350,143,108,128,116,120,144,133,361,106,113,123,103,88,106,123,101,122,130,128,139,150,97,100,122,107,113,122,139,138,137,138,0,133,138,137,126,129,143,131,138,141,128,144,116,121,127,351,134,129,154,139,134,73,121,369,134,130
SRR933497,64,48,39,181,408,39,49,37,49,63,36,46,41,54,63,43,59,56,32,41,40,34,39,26,36,56,33,37,49,53,35,44,49,44,49,66,49,70,43,414,33,37,61,126,172,138,147,171,96,153,39,187,40,170,65,68,55,53,41,155,123,75,160,25,179,43,37,394,46,51,44,50,171,51,161,47,37,209,45,38,48,397,45,46,52,393,54,159,39,141,31,45,44,404,157,164,34,50,111,157,44,124,145,41,151,190,51,146,151,33,158,164,33,40,39,38,161,133,0,39,48,37,40,34,70,39,42,39,55,27,14,38,394,45,30,53,40,35,124,22,410,35,31
SRR933499,69,53,46,188,415,52,36,44,54,70,49,51,46,59,70,48,68,59,37,46,45,47,44,39,41,63,46,50,54,58,48,49,54,49,54,71,54,75,48,421,38,44,66,133,179,145,154,178,103,160,44,194,45,177,70,73,60,58,46,162,130,80,167,36,184,48,42,401,53,56,49,55,176,56,168,54,42,216,50,43,53,404,50,51,57,400,59,166,44,146,36,50,49,411,164,171,39,55,118,164,49,131,152,46,158,197,56,153,158,38,165,171,38,45,44,19,168,138,39,0,53,42,45,49,75,44,37,44,60,32,27,43,401,50,35,60,45,40,131,27,417,40,36
SRR933501,64,46,37,187,414,61,63,35,63,63,58,60,55,52,79,57,61,70,46,55,40,56,53,48,50,72,55,59,63,67,57,40,63,58,63,64,63,84,57,420,33,53,65,132,178,144,153,177,102,159,35,193,38,176,69,72,55,53,41,161,129,79,166,45,183,37,33,400,48,47,40,44,175,65,167,63,51,215,59,38,62,403,45,46,48,399,54,165,39,145,31,59,42,410,163,170,34,50,117,163,48,130,151,39,157,196,65,152,157,29,164,170,29,54,53,52,167,137,48,53,0,37,36,58,74,53,56,35,53,27,36,34,400,45,44,69,54,49,130,36,416,49,45
SRR933503,45,37,30,176,403,50,52,28,52,54,47,49,44,43,68,46,52,59,35,44,21,45,42,37,39,61,44,48,52,56,46,33,52,47,52,55,52,73,46,409,20,42,54,121,167,133,142,166,91,148,28,182,29,165,58,61,36,40,28,150,118,68,155,34,172,32,26,389,29,40,33,39,164,54,156,52,40,204,48,25,51,392,26,33,41,388,43,154,20,134,12,48,33,399,152,159,21,41,106,152,37,119,140,30,146,185,54,141,146,22,153,159,22,43,42,41,156,126,37,42,37,0,29,47,63,42,45,28,44,14,25,27,389,32,33,58,43,38,119,25,405,38,34
SRR933505,56,38,29,179,406,53,55,27,55,55,50,52,47,44,71,49,53,62,38,47,32,48,45,40,42,64,47,51,55,59,49,32,55,50,55,56,55,76,49,412,25,45,57,124,170,136,145,169,94,151,27,185,30,168,61,64,47,45,33,153,121,71,158,37,175,31,17,392,40,31,32,38,167,57,159,55,43,207,51,30,54,395,37,38,32,391,46,157,31,137,23,51,34,402,155,162,26,42,109,155,40,122,143,31,149,188,57,144,149,13,156,162,13,46,45,44,159,129,40,45,36,29,0,50,66,45,48,19,45,19,28,18,392,37,36,61,46,41,122,28,408,41,37
SRR933507,74,58,49,191,418,49,59,47,59,75,46,56,51,64,73,53,71,66,42,51,50,44,49,36,46,66,43,47,59,63,45,54,59,54,59,76,59,80,53,424,43,47,71,136,182,148,157,181,106,163,49,197,50,180,75,78,65,63,51,165,133,85,170,35,189,53,47,404,56,61,54,60,181,61,171,57,47,219,55,48,58,407,55,56,62,403,64,169,49,151,41,55,54,414,167,174,44,60,121,167,54,134,155,51,161,200,61,156,161,43,168,174,43,50,49,48,171,143,34,49,58,47,50,0,80,49,52,49,65,37,24,48,404,55,40,63,50,45,134,32,420,45,41
SRR933509,90,74,67,181,408,83,85,65,85,91,80,82,77,80,101,79,89,92,68,77,66,78,75,70,72,94,77,81,85,89,79,70,85,80,85,92,85,104,79,414,59,75,47,126,172,138,147,171,96,153,65,187,64,170,71,66,81,79,67,155,121,73,160,67,177,69,63,394,74,75,70,76,169,87,161,85,73,209,81,64,84,397,71,72,78,393,80,159,65,139,57,81,70,404,157,164,60,72,111,157,60,124,145,67,151,190,87,146,151,59,158,164,59,76,75,74,161,131,70,75,74,63,66,80,0,75,78,65,81,53,58,64,394,71,66,91,76,71,124,58,410,71,67
SRR933511,69,53,46,188,415,52,54,44,50,70,49,51,46,59,70,44,68,61,37,46,45,47,44,39,41,63,46,50,54,52,48,49,54,45,54,71,54,75,48,421,38,44,66,133,179,145,154,178,103,160,44,194,45,177,70,73,60,58,46,162,130,80,167,36,184,48,42,401,53,56,49,55,176,56,168,54,42,216,50,43,53,404,50,51,57,400,59,166,44,146,36,50,49,411,164,171,39,55,118,164,49,131,152,46,158,197,56,153,158,38,165,171,38,45,44,43,168,138,39,44,53,42,45,49,75,0,47,44,60,32,27,43,401,50,35,60,41,36,131,23,417,26,36
SRR933513,72,56,49,191,416,55,47,47,57,73,52,54,49,62,71,51,71,62,40,49,48,50,47,42,44,64,49,53,57,61,51,52,57,52,57,74,57,78,51,424,41,47,69,136,182,146,157,181,106,163,47,197,48,180,73,76,63,61,49,165,131,83,168,39,187,51,45,404,56,59,52,58,179,59,171,57,45,219,53,46,54,407,53,54,60,403,62,169,47,149,39,53,52,414,167,172,42,56,121,167,52,134,155,49,161,200,59,156,161,41,168,174,41,48,47,36,171,141,42,37,56,45,48,52,78,47,0,47,63,35,30,46,404,53,38,63,48,43,134,30,420,43,39
SRR933515,55,37,28,178,405,52,54,26,54,54,49,51,46,43,70,48,52,61,37,46,31,47,44,39,41,63,46,50,54,58,48,31,54,49,54,55,54,75,48,411,24,44,56,123,169,135,144,168,93,150,26,184,29,167,60,63,46,44,32,152,120,70,157,36,174,30,16,391,39,30,31,37,166,56,158,54,42,206,50,29,53,394,36,37,31,390,45,156,30,136,22,50,33,401,154,161,25,41,108,154,39,121,142,30,148,187,56,143,148,12,155,161,12,45,44,43,158,128,39,44,35,28,19,49,65,44,47,0,44,18,27,5,391,36,35,60,45,40,121,27,407,40,36
SRR933517,71,51,46,194,421,68,70,44,70,46,65,67,62,59,86,64,44,77,53,62,47,63,60,55,57,79,62,66,70,74,64,49,70,65,70,53,70,91,64,427,40,60,72,139,185,151,160,184,109,166,44,200,45,183,76,79,62,60,48,168,136,86,173,52,190,48,42,407,55,56,49,55,182,72,174,70,58,222,66,45,69,410,52,53,57,406,61,172,46,152,38,66,31,417,170,177,41,55,124,170,55,137,158,46,164,203,72,159,164,38,171,177,38,61,60,59,174,144,55,60,53,44,45,65,81,60,63,44,0,34,43,43,407,52,51,76,61,56,137,43,423,56,52
SRR933519,39,27,20,166,393,40,42,18,42,44,37,39,34,33,58,36,42,49,25,34,15,35,32,27,29,51,34,38,42,46,36,23,42,37,42,45,42,63,36,399,6,32,44,111,157,123,132,156,81,138,18,172,19,155,48,51,30,26,14,140,108,58,145,24,162,22,16,379,23,30,23,29,154,44,146,42,30,194,38,11,41,382,20,19,31,378,31,144,14,124,6,38,23,389,142,149,7,31,96,142,27,109,130,20,136,175,44,131,136,12,143,149,12,33,32,31,146,116,27,32,27,14,19,37,53,32,35,18,34,0,15,17,379,18,23,48,33,28,109,15,395,28,24
SRR933521,52,36,27,169,396,27,37,25,37,53,24,34,29,42,51,31,49,44,20,29,28,22,27,14,24,44,21,25,37,41,23,32,37,32,37,54,37,58,31,402,21,25,49,114,160,126,135,159,84,141,27,175,28,158,53,56,43,41,29,143,111,63,148,13,167,31,25,382,34,39,32,38,159,39,149,35,25,197,33,26,36,385,33,34,40,381,42,147,27,129,19,33,32,392,145,152,22,38,99,145,32,112,133,29,139,178,39,134,139,21,146,152,21,28,27,26,149,121,14,27,36,25,28,24,58,27,30,27,43,15,0,26,382,33,18,41,28,23,112,10,398,23,19
SRR933523,54,36,27,177,404,51,53,25,53,53,48,50,45,42,69,47,51,60,36,45,30,46,43,38,40,62,45,49,53,57,47,30,53,48,53,54,53,74,47,410,23,43,55,122,168,134,143,167,92,149,25,183,28,166,59,62,45,43,31,151,119,69,156,35,173,29,15,390,38,29,30,36,165,55,157,53,41,205,49,28,52,393,35,36,30,389,44,155,29,135,21,49,32,400,153,160,24,40,107,153,38,120,141,29,147,186,55,142,147,11,154,160,11,44,43,42,157,127,38,43,34,27,18,48,64,43,46,5,43,17,26,0,390,35,34,59,44,39,120,26,406,39,35
SRR933525,416,400,391,397,40,407,411,389,411,417,404,408,403,406,427,405,415,418,394,403,392,402,401,394,398,418,401,405,411,415,403,396,409,406,411,418,411,432,405,64,385,401,385,364,382,354,359,383,334,373,391,403,390,386,397,380,407,405,393,371,381,385,376,393,397,395,389,26,400,403,396,402,385,413,377,409,397,427,407,390,410,43,397,398,404,25,406,375,391,379,383,407,396,54,373,380,386,366,351,369,386,362,383,393,389,402,413,366,369,385,370,376,385,402,401,400,399,351,394,401,400,389,392,404,394,401,404,391,407,379,382,390,0,397,392,415,402,397,340,384,64,397,393
SRR933527,57,45,38,184,411,58,60,36,60,62,55,57,52,51,76,54,60,67,43,52,33,53,50,45,47,69,52,56,60,64,54,41,60,55,60,63,60,81,54,417,24,50,62,129,175,141,150,174,99,156,36,190,37,173,66,69,48,44,32,158,126,76,163,42,180,40,34,397,41,48,41,47,172,62,164,60,48,212,56,25,59,400,38,37,49,396,49,162,32,142,24,56,41,407,160,167,25,49,114,160,45,127,148,38,154,193,62,149,154,30,161,167,30,51,50,49,164,134,45,50,45,32,37,55,71,50,53,36,52,18,33,35,397,0,41,66,51,46,127,33,413,46,42
SRR933529,60,44,37,179,406,43,45,35,45,61,40,42,37,50,61,39,59,52,28,37,36,38,35,30,32,54,37,41,45,49,39,40,45,40,45,62,45,66,39,412,29,35,57,124,170,136,145,169,94,151,35,185,36,168,61,64,51,49,37,153,121,71,158,27,175,39,33,392,44,47,40,46,167,47,159,45,33,207,41,34,44,395,41,42,48,391,50,157,35,137,27,41,40,402,155,162,30,46,109,155,40,122,143,37,149,188,47,144,149,29,156,162,29,36,35,34,159,129,30,35,44,33,36,40,66,35,38,35,51,23,18,34,392,41,0,51,36,31,122,18,408,31,27
SRR933531,85,69,60,202,429,66,70,58,70,86,63,67,62,75,86,64,84,75,49,62,61,61,60,53,57,77,60,64,70,74,62,65,70,65,66,87,70,87,64,435,54,60,82,147,193,159,168,192,117,174,60,208,61,191,86,89,76,74,62,176,144,96,181,52,200,64,58,415,69,72,65,71,192,72,182,68,52,230,66,59,69,418,66,67,73,414,75,180,60,162,52,62,65,425,178,185,55,71,132,178,65,145,166,62,172,211,68,167,172,54,179,185,54,61,58,59,182,154,53,60,69,58,61,63,91,60,63,60,76,48,41,59,415,66,51,0,61,56,145,43,431,56,52
SRR933535,70,54,47,189,416,53,55,45,51,71,50,52,47,60,71,45,69,62,38,47,46,48,45,40,42,64,47,51,55,55,49,50,55,46,55,72,55,76,49,422,39,45,67,134,180,146,155,179,104,161,45,195,46,178,71,74,61,59,47,163,131,81,168,37,185,49,43,402,54,57,50,56,177,57,169,55,43,217,51,44,54,405,51,52,58,401,60,167,45,147,37,51,50,412,165,172,40,56,119,165,50,132,153,47,159,198,57,154,159,39,166,172,39,46,45,44,169,139,40,45,54,43,46,50,76,41,48,45,61,33,28,44,402,51,36,61,0,37,132,24,418,37,37
SRR933537,65,49,42,184,411,48,50,40,46,66,45,47,42,55,66,40,64,57,33,42,41,43,40,35,37,59,42,46,50,50,44,45,50,41,50,67,50,71,44,417,34,40,62,129,175,141,150,174,99,156,40,190,41,173,66,69,56,54,42,158,126,76,163,32,180,44,38,397,49,52,45,51,172,52,164,50,38,212,46,39,49,400,46,47,53,396,55,162,40,142,32,46,45,407,160,167,35,51,114,160,45,127,148,42,154,193,52,149,154,34,161,167,34,41,40,39,164,134,35,40,49,38,41,45,71,36,43,40,56,28,23,39,397,46,31,56,37,0,127,19,413,32,32
SRR933539,146,130,121,69,354,137,141,119,141,147,134,138,133,136,157,135,145,148,124,133,122,132,131,124,128,148,131,135,141,145,133,126,141,136,141,148,141,162,135,360,115,131,115,92,110,28,87,111,62,95,121,77,120,58,127,108,137,135,123,45,107,113,50,123,119,125,119,340,130,133,126,132,111,143,51,139,129,149,137,120,140,343,127,128,134,339,136,49,121,107,113,137,126,350,47,54,116,96,79,97,116,90,111,123,117,130,143,88,91,115,98,104,115,132,131,130,127,73,124,131,130,119,122,134,124,131,134,121,137,109,112,120,340,127,122,145,132,127,0,114,358,127,123
SRR933541,52,36,29,171,398,35,37,27,29,53,32,34,29,42,53,23,51,44,20,29,28,30,27,22,24,46,29,33,37,33,31,32,37,24,37,54,37,58,31,404,21,27,49,116,162,128,137,161,86,143,27,177,28,160,53,56,43,41,29,145,113,63,150,19,167,31,25,384,36,39,32,38,159,39,151,37,25,199,33,26,36,387,33,34,40,383,42,149,27,129,19,33,32,394,147,154,22,38,101,147,32,114,135,29,141,180,39,136,141,21,148,154,21,28,27,26,151,121,22,27,36,25,28,32,58,23,30,27,43,15,10,26,384,33,18,43,24,19,114,0,400,19,19
SRR933543,432,416,407,415,78,423,427,405,427,433,420,424,419,422,443,421,431,434,410,419,408,418,417,410,414,434,417,421,427,431,419,412,425,422,427,434,427,448,421,20,401,417,401,382,400,372,377,401,352,391,407,421,406,404,413,396,423,421,409,389,397,399,386,409,411,409,405,64,416,419,412,418,403,429,395,425,415,445,423,406,426,67,411,414,418,63,422,393,407,393,399,423,412,66,383,398,402,382,369,387,402,380,401,409,407,420,429,384,387,401,388,394,401,418,417,416,417,369,410,417,416,405,408,420,410,417,420,407,423,395,398,406,64,413,408,431,418,413,358,400,0,413,409
SRR933545,65,49,42,184,411,48,50,40,46,66,45,47,42,55,66,40,64,57,33,42,41,43,40,35,37,59,42,46,50,50,44,45,50,41,50,67,50,71,44,417,34,40,62,129,175,141,150,174,99,156,40,190,41,173,66,69,56,54,42,158,126,76,163,32,180,44,38,397,49,52,45,51,172,52,164,50,38,212,46,39,49,400,46,47,53,396,55,162,40,142,32,46,45,407,160,167,35,51,114,160,45,127,148,42,154,193,52,149,154,34,161,167,34,41,40,39,164,134,35,40,49,38,41,45,71,26,43,40,56,28,23,39,397,46,31,56,37,32,127,19,413,0,32
SRR933547,61,45,38,180,407,44,46,36,46,62,41,43,38,51,62,40,60,53,29,38,37,39,36,31,33,55,38,42,46,50,40,41,46,41,46,63,46,67,40,413,30,36,58,125,171,137,146,170,95,152,36,186,37,169,62,65,52,50,38,154,122,72,159,28,176,40,34,393,45,48,41,47,168,48,160,38,34,208,42,35,45,396,42,43,49,392,51,158,36,138,28,42,41,403,156,163,31,47,110,156,41,123,144,38,150,189,48,145,150,30,157,163,30,37,36,35,160,130,31,36,45,34,37,41,67,36,39,36,52,24,19,35,393,42,27,52,37,32,123,19,409,32,0
